metro,state,LAT,LON,BOV_1995,BOV_1996,BOV_1997,BOV_1998,BOV_1999,BOV_2000,BOV_2001,BOV_2002,BOV_2003,BOV_2004,BOV_2005,BOV_2006,BOV_2007,BOV_2008,BOV_2009,BOV_2010,BOV_2011,BOV_2012,BOV_2013,BOV_2014,BOV_2015,EQ_1995,EQ_1996,EQ_1997,EQ_1998,EQ_1999,EQ_2000,EQ_2001,EQ_2002,EQ_2003,EQ_2004,EQ_2005,EQ_2006,EQ_2007,EQ_2008,EQ_2009,EQ_2010,EQ_2011,EQ_2012,EQ_2013,EQ_2014,EQ_2015,ACC_1995,ACC_1996,ACC_1997,ACC_1998,ACC_1999,ACC_2000,ACC_2001,ACC_2002,ACC_2003,ACC_2004,ACC_2005,ACC_2006,ACC_2007,ACC_2008,ACC_2009,ACC_2010,ACC_2011,ACC_2012,ACC_2013,ACC_2014,ACC_2015,OV_1995,OV_1996,OV_1997,OV_1998,OV_1999,OV_2000,OV_2001,OV_2002,OV_2003,OV_2004,OV_2005,OV_2006,OV_2007,OV_2008,OV_2009,OV_2010,OV_2011,OV_2012,OV_2013,OV_2014,OV_2015,CAP_1995,CAP_1996,CAP_1997,CAP_1998,CAP_1999,CAP_2000,CAP_2001,CAP_2002,CAP_2003,CAP_2004,CAP_2005,CAP_2006,CAP_2007,CAP_2008,CAP_2009,CAP_2010,CAP_2011,CAP_2012,CAP_2013,CAP_2014,CAP_2015,AV_1995,AV_1996,AV_1997,AV_1998,AV_1999,AV_2000,AV_2001,AV_2002,AV_2003,AV_2004,AV_2005,AV_2006,AV_2007,AV_2008,AV_2009,AV_2010,AV_2011,AV_2012,AV_2013,AV_2014,AV_2015,POR_1995,POR_1996,POR_1997,POR_1998,POR_1999,POR_2000,POR_2001,POR_2002,POR_2003,POR_2004,POR_2005,POR_2006,POR_2007,POR_2008,POR_2009,POR_2010,POR_2011,POR_2012,POR_2013,POR_2014,POR_2015,FEL_1995,FEL_1996,FEL_1997,FEL_1998,FEL_1999,FEL_2000,FEL_2001,FEL_2002,FEL_2003,FEL_2004,FEL_2005,FEL_2006,FEL_2007,FEL_2008,FEL_2009,FEL_2010,FEL_2011,FEL_2012,FEL_2013,FEL_2014,FEL_2015,CAN_1995,CAN_1996,CAN_1997,CAN_1998,CAN_1999,CAN_2000,CAN_2001,CAN_2002,CAN_2003,CAN_2004,CAN_2005,CAN_2006,CAN_2007,CAN_2008,CAN_2009,CAN_2010,CAN_2011,CAN_2012,CAN_2013,CAN_2014,CAN_2015,WIL_2009,WIL_2010,WIL_2011,WIL_2012,WIL_2013,WIL_2014,WIL_2015,MIS_1995,MIS_1996,MIS_1997,MIS_1998,MIS_1999,MIS_2000,MIS_2001,MIS_2002,MIS_2003,MIS_2004,MIS_2005,MIS_2006,MIS_2007,MIS_2008,MIS_2009,MIS_2010,MIS_2011,MIS_2012,MIS_2013,MIS_2014,MIS_2015,TOT_1995,TOT_1996,TOT_1997,TOT_1998,TOT_1999,TOT_2000,TOT_2001,TOT_2002,TOT_2003,TOT_2004,TOT_2005,TOT_2006,TOT_2007,TOT_2008,TOT_2009,TOT_2010,TOT_2011,TOT_2012,TOT_2013,TOT_2014,TOT_2015
Adair,KY,37.076403,-85.313622,107,79,46,23,34,35,19,17,25,3,5,2,1,2,14,48,514,121,418,306,253,321,342,277,2,67,226,108,115,78,46,31,36,5,6,1377,2303,1664,2375,712,544,459,462,479,356,27,111,282,144,145,113,62,45,50,22,30,310,345,290,467,640,570,498,,,1,,2,1,2,,,,,,,,,,,,1,1,,,,10,,,6,6,1,,,,,,,1,,9,,,1,5,,2,1,,1,4,1,,,,,,,1,2,,,,,,,1,2,,,,,,,,,,,,,,,,,,,,4,9,4,,,2,,2,7,2,1,2,2,8,3,4,2,7,4,13,3,27,46,17,2,6,8,8,9,3,11,7,8,14,11,10,11,15,34,15,29,22,,2,1,3,,,,3,,1,,1,,,1,,,1,2,,2,19,2,1,4,5,4,2,463,480,357,27,111,282,144,145,113,62,45,50,22,30,1427,2370,2206,2544,1155,898,744
Allen,KY,36.765047,-86.21585,45,20,0,6,8,0,3,0,0,1,0,0,0,7,0,0,0,0,27,0,0,13,11,24,19,5,7,1,2,0,0,0,0,0,0,0,0,0,0,0,0,0,88,74,35,25,16,13,4,3,3,1,2,0,0,7,0,0,0,0,1,0,0,,,,,,,,,,,,,,,,,,,,,,8,,,,,,,,,,1,,,,,,,,,,,,,,,,,,,,,,,,,,,,,,,,27,46,11,,3,9,,1,3,,,,,,,,,,,,,,,,,,,,,,,,,,,,,,,,,,,,,,,,,,,,,,,,,,,,,,,,,,,,,,,,,,,,,,,,,,,,,,,,,,,93,77,35,25,16,16,4,3,3,1,2,,,7,,,,,27,,
Anderson,KY,37.998648,-84.981754,62,70,47,37,50,46,44,36,38,27,35,22,36,28,39,44,55,102,26,49,66,197,239,203,256,345,344,350,354,303,280,344,239,211,205,239,217,264,252,129,72,69,396,431,398,458,540,501,496,477,421,386,476,342,335,340,392,360,402,437,270,239,238,1,,,1,3,2,,,2,,4,4,1,,,1,1,,3,1,1,1,,,2,3,1,6,10,16,11,19,12,21,23,20,7,6,17,15,17,13,1,,1,4,5,7,,5,2,,2,1,1,2,3,1,,1,,2,4,2,,,1,1,1,1,,,,,,1,,,,,,,,,26,19,38,31,23,17,20,12,16,10,15,20,15,6,11,23,20,20,11,14,14,99,107,100,125,105,83,71,57,41,57,57,42,47,77,82,84,86,112,79,99,91,2,,4,1,1,,1,8,1,10,1,5,1,4,3,3,1,,1,1,,4,3,,,4,3,1,397,436,399,458,540,502,496,477,421,386,476,342,335,341,400,380,436,505,268,257,260
Ballard,KY,37.035987,-89.017933,2,1,0,0,0,0,0,0,1,0,0,0,0,0,0,0,0,0,0,0,0,0,4,22,6,0,0,0,0,0,1,0,0,0,0,0,0,0,2,0,0,2,22,25,56,18,8,5,7,3,1,2,1,0,0,0,0,0,0,9,1,0,2,,,,,,,,,,,,,,,,,,,,,,,,,,,,,,,,,,,,,,,,,,,,,,,,,,,,,,,,,,,,,,,,20,24,43,13,8,5,8,3,,1,1,,,,,,,,,,,,,,,,,,,,,,,,,,,,,,,,,,,,,,,,,,,,,,,,,,,,,,,,,,,,,,,,,,,,,,,,,,,,,,,,,22,29,65,19,8,5,8,3,1,2,1,,,,,,,2,,,2
Barren,KY,36.967684,-85.848624,14,32,33,25,15,30,93,61,50,32,43,22,17,56,506,284,0,0,0,1,0,30,138,95,90,48,53,42,99,31,27,17,15,23,41,22,3,0,0,0,0,0,47,171,135,117,64,84,135,160,81,61,63,70,78,189,87,5,0,4,1,1,1,,,,,,,,,,,,,,,,,,,,,,,,2,,,,,,1,,1,,,1,4,,,,,,,1,,,,,,,,,,,,,2,,,,,,,,1,,6,1,,,,,,,,,,,,,,,,,1,,,,,,1,,,,,,,,,,,,,,,,,,,,1,,,,,2,,,3,1,,1,,,,,,,,,,,,,1,1,1,1,,,,2,1,,2,34,35,88,11,,,,,,,47,171,137,117,64,84,135,162,83,61,63,71,78,189,543,288,,,,1,1
Bath,KY,38.106816,-83.719914,55,59,54,58,62,43,46,32,42,37,41,39,28,48,34,151,75,24,50,111,134,398,557,527,629,621,692,683,872,1004,1104,1005,1069,987,927,718,725,699,706,567,20,16,479,643,613,714,717,762,754,942,1082,1181,1071,1141,1047,995,765,800,759,782,644,83,86,1,,1,2,3,2,1,3,,2,3,,,1,1,1,2,1,,2,2,1,,,5,1,9,7,8,7,6,2,2,7,,,13,3,10,,2,2,1,,,,1,,3,,4,1,2,2,,,,3,,,,,,1,3,1,,1,,2,,,2,,,1,1,,,,,,,2,1,1,4,2,5,3,1,2,1,2,,4,3,1,1,6,3,18,10,4,2,16,22,25,17,22,12,11,23,22,26,17,24,21,14,11,27,28,39,74,16,22,,3,,1,1,,,5,1,1,3,1,1,,2,2,1,1,1,,3,4,1,1,,,1,,479,643,613,716,717,762,754,942,1082,1181,1071,1141,1047,995,769,930,811,799,702,156,180
Bell,KY,36.741122,-83.634843,0,0,0,0,0,0,0,0,3,0,0,0,0,0,0,0,0,0,0,0,0,7,6,1,1,1,0,1,0,0,0,0,0,0,0,0,0,0,0,0,0,0,34,42,43,28,26,21,21,17,22,19,2,4,0,0,1,0,2,0,1,0,0,,,,,,,,,,,,,,,,,,,,,,,,,,1,,,1,,,,,,,,,,,,,,,,2,,,,,,,,1,,,,,,,,,,,,,,,,,,,,,,,,,,,,,,,,3,4,3,1,2,3,1,,,1,,,,,,,,,,,,24,32,37,26,22,18,19,16,19,18,1,3,,,,,2,,1,,,,,,,,,,,,1,,,,,,,,,1,,,,,,,,,,34,42,44,28,26,21,21,17,22,19,2,4,,,,,2,,1,,
Boone,KY,38.994057,-84.731556,16,13,18,10,4,4,13,19,8,20,7,5,11,6,1,0,0,0,0,0,9,773,1244,1370,1308,662,657,587,769,750,747,821,832,847,772,460,386,665,415,351,319,356,976,1488,1615,1562,883,849,763,978,934,974,959,1009,1002,922,589,552,724,527,487,457,440,1,,,,1,,,,2,,1,1,2,1,1,,,,1,,,21,25,20,13,5,6,5,3,3,12,9,4,,2,2,30,2,,,1,,6,6,5,6,6,,10,1,4,1,2,,,1,3,,,,,,,13,11,6,14,29,43,13,18,20,35,1,,,,,,,,,,,25,53,34,35,39,20,21,39,17,22,17,26,20,19,14,23,30,20,32,28,15,121,134,151,165,135,117,112,123,129,135,104,142,120,121,106,144,127,94,107,105,70,,,,1,,,,7,8,16,11,2,4,2,6,1,3,1,2,2,,2,3,,2,2,,1,983,1494,1620,1562,883,851,763,978,934,975,963,1012,1002,922,589,586,824,532,493,453,451
Bourbon,KY,38.217075,-84.22788,250,257,220,173,180,151,171,145,106,105,113,76,109,77,331,239,405,509,204,154,217,2220,2884,2690,3467,3215,2735,1883,1817,1803,1655,1949,1826,2378,2306,1272,849,580,745,829,1362,1171,2739,3428,3218,3925,3759,3197,2377,2293,2290,2115,2392,2248,2738,2599,1955,1510,1149,1224,1373,1608,1209,7,14,33,7,9,19,13,5,6,7,3,7,10,7,6,5,5,8,3,2,3,3,5,1,4,3,6,6,1,6,4,4,7,2,6,7,2,6,9,3,5,12,8,1,2,4,4,4,7,1,1,,,,,1,,,,1,,4,4,47,29,15,22,19,15,11,8,4,4,,,,1,,,,2,1,5,,30,49,52,60,75,69,64,78,87,60,62,59,38,44,28,26,21,19,21,16,22,166,184,206,215,255,201,203,211,246,225,207,179,130,116,110,86,114,129,91,97,137,,1,3,1,2,1,1,20,31,12,18,24,12,23,27,37,56,60,95,70,41,47,12,5,6,8,6,4,2751,3454,3231,3970,3785,3212,2381,2293,2296,2116,2398,2249,2744,2600,1803,1220,1139,1429,1162,1652,1571
Boyd,KY,38.383327,-82.691543,1,,1,0,0,3,0,2,0,2,0,0,0,0,0,2,0,0,0,2,0,29,23,87,44,37,0,0,1,0,7,0,0,0,0,866,2266,1414,1473,2,5,1,133,113,219,170,156,112,121,121,51,68,23,29,4,2,37,68,73,99,36,23,8,2,5,,3,1,1,,,,,,,,,,,,,,,,,,1,2,,,,,,2,,,,,,2,,,,3,,11,11,7,4,10,5,2,4,3,2,1,1,,1,1,,,,,,,,,,1,,,,,,,,,,,,,,,,,,12,11,20,12,12,14,10,12,11,6,4,3,,,,,6,8,1,3,2,67,49,81,84,80,85,106,97,32,43,18,22,4,,,,18,40,33,10,4,,,,,,,,11,15,22,20,16,4,3,5,5,6,,3,,1,5,,,1,,,,133,114,219,170,156,112,121,121,51,68,23,29,4,2,872,2270,1438,1522,36,23,7
Boyle,KY,37.652603,-84.815078,302,295,272,231,255,273,349,343,193,194,194,128,180,200,683,2095,1311,930,1593,2296,1646,1351,1206,1400,1631,1933,1546,355,320,240,396,598,534,500,622,616,627,536,477,1350,2260,2269,1907,1823,2027,2197,2440,1969,852,805,614,776,944,821,825,950,894,852,793,701,583,596,597,,6,3,4,4,3,8,6,6,4,3,,4,,5,3,6,11,4,3,6,19,23,26,19,20,18,40,68,93,68,55,49,33,34,15,81,38,79,48,22,48,7,3,7,5,5,5,11,5,3,4,2,2,4,2,,3,6,,4,,7,33,17,9,11,17,11,8,8,4,4,3,3,5,3,23,47,42,60,47,48,50,31,48,63,56,43,23,10,14,8,9,10,13,13,9,18,13,22,16,13,15,10,167,226,239,234,159,90,64,38,64,96,74,88,81,77,102,101,103,96,85,97,85,1,,,,,,,6,7,14,10,6,7,10,6,3,7,5,7,5,4,42,18,7,3,1,4,8,1916,1831,2033,2201,2442,1976,855,808,614,782,944,824,826,952,1505,2988,2071,1672,3145,4745,4123
Bracken,KY,38.711702,-84.059029,0,1,1,2,0,0,1,0,0,0,1,0,9,0,0,0,0,0,0,0,0,4,2,0,0,0,0,0,0,0,0,0,0,0,0,0,0,0,0,0,0,0,4,5,2,3,0,0,2,1,1,0,1,0,9,0,0,3,2,5,0,1,2,,,,,,,,,,,,,,,,,,,,,,,1,,,,,,,1,,,,,,,,,,,,,,1,1,,,,1,,,,,,,,,,,,,,,,,,,,,,,,,,,,,,,,,,,,,,,,,,,,,,,,,,,,,,,,,,,,,,,,,,,,,,,,,,,,,,,,,,,,,,,,1,,,,1,,,,,,,,,,,,,,4,5,2,3,,,2,1,1,,1,,9,,,,,,,,
Breathitt,KY,37.535962,-83.336188,0,0,0,0,0,1,0,0,1,0,0,0,0,0,0,0,0,0,0,0,0,0,0,0,0,0,0,0,0,0,0,0,0,0,0,0,0,0,0,0,0,0,0,0,0,0,0,1,0,0,2,0,0,0,0,0,0,0,0,0,0,0,2,,,,,,,,,,,,,,,,,,,,,,,,,,,,,,,,,,,,,,,,,,,,,,,,,,,,,,,,,,,,,,,,,,,,,,,,,,,,,,,,,,,,,,,,,,,,,,,,,,,,,,,,,,,,,,,,,,,,,,,,,,,,,,,,,,,,,,,,,,,,,,1,,,,,,,,,,,,,,,,,,1,,,2,,,,,,,,,,,,
Breckinridge,KY,37.7982,-86.459209,4,5,3,1,23,3,7,3,1,3,11,3,3,16,207,281,352,307,191,271,241,109,31,42,31,11,23,5,2,5,2,6,9,9,3,0,0,0,1286,0,3,0,226,142,153,163,141,116,71,58,36,39,42,59,46,52,57,47,33,60,64,40,31,,,,,2,1,1,,1,2,,,1,,,,,,,,,,,,,,,1,1,,,1,,,,,,,1,,,,3,1,,,2,,,,,1,,1,,,,,,,,,,52,56,58,52,50,39,23,14,2,,,,,,,,,,,,,15,11,15,12,9,11,6,4,4,5,6,7,4,6,5,6,4,10,22,8,6,50,46,42,71,50,40,27,31,22,24,18,22,17,21,30,29,19,23,31,16,10,,1,,,,,1,1,2,3,2,2,1,1,4,1,2,,18,13,7,,,1,1,1,,2,234,152,163,169,149,118,71,59,36,39,42,60,47,53,242,317,376,1628,245,298,260
Bullitt,KY,37.984211,-85.684578,10,4,6,1,1,0,2,0,0,1,1,1,3,0,1,0,0,0,0,0,0,513,200,148,143,57,96,78,38,44,152,112,70,58,55,55,139,51,50,41,45,36,572,221,173,161,66,102,82,41,50,165,119,76,71,59,37,111,55,67,63,63,58,,,1,2,,1,,,,,,,,,,,,2,,,,8,4,3,4,1,2,,1,,2,1,4,6,2,2,,,1,1,24,,6,1,1,4,4,,1,1,3,2,1,,,,1,,,,,,,1,,,,,,1,,,,,,,,,,,,,,,4,1,3,3,,,,,1,,3,1,,,,,,2,6,1,4,28,7,8,3,1,2,,,2,7,1,,3,2,,8,3,9,14,12,17,,1,1,,,,,2,4,3,1,2,1,,1,,1,,,1,,,,,,,,,572,221,173,161,66,102,82,41,50,165,119,76,71,59,59,148,55,64,62,82,57
Butler,KY,37.208639,-86.701389,0,0,1,1,2,4,0,0,0,0,0,0,5,0,0,0,0,0,0,0,0,5,1,89,0,0,0,0,0,0,0,0,7,15,22,98,49,45,0,0,0,0,15,5,105,8,9,6,0,0,0,0,0,7,20,22,46,24,15,2,0,0,0,,,,,,,,,,,,,,,,,,,,,,,,,,,,,,,,,,,,,,,,,,,,,,,,,,,,,,,,,,,,,,,,11,4,18,7,8,2,,,,,,,,,,,,,,,,,,,,,,,,,,,,,,,,,,,,,,,1,,,,,,,,,,,,,,,,,,,,,,,,,,,1,,,,,,,,,,,,,1,,,,,,,16,6,109,8,10,6,,,,,,7,20,22,99,49,45,,,,
Caldwell,KY,37.150102,-87.894245,2,1,4,0,4,3,0,1,0,0,0,0,0,0,0,0,0,0,0,0,0,297,440,393,0,11,1,0,0,0,0,1,0,0,1,20,0,0,0,1,0,0,309,446,415,14,19,9,0,2,0,0,1,0,0,1,15,0,0,0,1,0,1,,,,,,,,,,,,,,,,,,,,,,,,,,,,,1,,,,,,,,,,,,,,,,,,,,,,,,,,,,,,,,,,,11,6,23,16,2,5,,,,,,,,,,,,,,,,,,,,,,,,,,,,,,,,,,,,,,1,,,,,,,,,,,,,,,,,,,,,,,,,,,,,,,3,,,,,,,,,,,,,,,,,310,448,420,16,20,9,,2,,,1,,,1,20,,,,1,,
Calloway,KY,36.640277,-88.285042,0,0,0,0,8,0,0,0,0,0,0,0,0,1,0,0,0,0,0,0,0,44,51,42,0,0,0,0,0,0,0,0,1,0,0,0,0,0,0,0,0,0,44,52,42,0,8,1,0,0,0,0,0,1,0,1,0,0,0,0,0,0,0,,,,,,,,,,,,,,,,,,,,,,,,,,,,,,,,,,,,,,,,,,,,,,,,,,,,,,,,,,,,,,,,,1,,,,1,,,,,,,,,,,,,,,,,,,,,,,,,,,,,,,,,,,,,,,,,,,,,,,,,,,,,,,,,,,,,,,,,,,,,,,,,,,,,,,,,,,,,,44,52,42,,8,1,,,,,,1,,1,,,,,,,
Campbell,KY,38.895189,-84.396254,39,26,32,49,40,47,35,28,23,20,15,16,13,17,7,13,6,9,0,2,1,417,639,689,803,870,918,684,667,624,668,636,686,622,508,471,345,411,400,45,35,37,757,894,948,1138,1158,1220,944,900,899,840,716,796,726,600,542,410,454,464,87,79,86,,1,,1,1,1,1,6,4,,1,1,,1,,,,,2,,,4,7,8,7,8,10,7,17,30,24,4,8,9,2,2,9,4,3,,1,,1,,,,2,,1,,,1,,,,,,,,,,,,5,,2,2,5,4,5,5,,2,1,,,,,,,1,,,,50,23,36,39,29,32,28,32,25,18,18,12,15,5,10,6,7,4,2,7,7,239,195,179,232,201,209,182,140,191,107,42,64,59,51,42,40,33,45,37,33,38,,,,,,,,2,4,4,5,4,1,1,6,3,,,13,12,16,10,,1,1,1,,,757,895,950,1138,1160,1222,944,901,901,840,717,800,731,600,542,413,462,463,87,78,83
Carlisle,KY,36.820668,-88.979678,0,0,0,0,0,0,0,0,0,0,0,0,0,0,0,0,0,0,0,0,0,0,0,0,0,0,0,0,0,0,0,0,0,0,0,0,0,0,0,0,0,0,0,0,0,0,0,0,1,0,0,0,0,0,0,0,0,0,0,0,0,0,0,,,,,,,,,,,,,,,,,,,,,,,,,,,,,,,,,,,,,,,,,,,,,,,,,,,,,,,,,,,,,,,,,,,,,,,,,,,,,,,,,,,,,,,,,,,,,,,,,,,,,,,,,,,,,,,,,,,,,,,,,,,,,,,,,,,,,,,,,,,,1,,,,,,,,,,,,,,,,,,,,,1,,,,,,,,,,,,,,
Carroll,KY,38.674836,-85.064907,16,8,3,2,6,0,3,3,2,5,6,6,15,11,15,0,0,2,0,0,0,118,85,65,49,27,46,29,20,37,23,6,29,39,21,6,17,8,4,2,11,8,160,107,86,56,44,47,36,29,43,32,15,36,55,37,27,18,8,6,3,11,8,,,,,,,,,,,1,,,,,,,,,,,,1,,,,,,1,,1,,1,,3,1,,,,,,,,1,,,1,,,,,,,,,,,,,,,,,1,,,,1,1,,,,,,,,,,,,,,,,8,1,3,2,4,,,2,2,,,,,,,,,,,,,18,10,15,3,5,,3,2,2,3,2,,,,4,,,,,,,,,,,,,,,1,,,,,1,1,,,,,1,,1,,,,,,,161,107,86,56,44,47,36,29,43,32,15,36,55,37,27,17,8,6,2,11,8
Carter,KY,38.320471,-83.036138,8,11,7,13,8,6,13,2,3,6,3,5,1,3,0,1,56,16,24,0,10,75,114,199,325,245,319,411,447,366,115,169,248,122,145,74,33,60,51,5,6,34,87,131,218,387,291,352,451,462,370,122,173,268,126,158,87,54,91,102,51,42,73,,,,1,2,1,,,,1,,,,,,,,,,,,,1,,3,6,1,2,1,1,,,,,,,1,1,2,2,2,24,,1,1,,,,,,,,,,1,,,,,,,,,2,,4,12,9,8,10,2,,,1,3,,,,,,,1,,,,,1,8,4,3,5,3,,,,,,2,,3,6,7,6,3,5,1,4,6,24,17,11,9,6,,,,,1,6,6,13,19,39,30,29,24,,,,,1,3,,1,,,1,,3,1,1,,,,12,1,2,7,2,,,,,1,87,131,218,387,291,352,451,462,370,122,173,268,126,158,87,53,142,115,69,43,98
Casey,KY,37.315745,-84.898478,25,33,24,10,14,10,20,18,14,13,10,14,19,9,7,10,3,9,25,11,12,42,75,71,121,118,127,157,86,95,121,117,130,120,101,127,118,91,93,118,70,65,72,119,117,141,138,146,186,112,116,143,135,149,160,114,142,129,102,114,143,85,79,,,,,,,,,,,,,1,,,,,,,,,,,,,,1,2,7,1,5,2,1,1,,,,,,1,,,,,1,5,,,2,1,,,,,,,1,,,,,,,3,10,9,1,,1,,,,,,,,,3,,,,,,,,1,6,,1,1,1,,,,1,,,,,,,1,,,,1,1,5,2,4,6,3,,,,4,3,2,2,1,,1,,3,4,1,3,3,,6,13,6,,1,1,2,2,2,,1,,6,4,1,1,17,2,1,,,,,,,72,121,118,141,139,146,186,112,116,143,135,149,161,114,143,131,95,109,160,91,78
Christian,KY,36.841059,-87.460397,1,1,0,0,2,5,0,2,0,0,0,0,5,5,28,16,18,49,18,0,10,2,2,5,14,12,45,15,13,6,,,6,20,9,3,17,,11,7,2,4,9,4,10,16,15,53,21,15,6,0,0,6,25,18,9,5,7,30,18,2,5,,,,,,,,,,,,,,,,,,1,11,,,,,,,,1,,,,,,,,,,,,,,,,,,,,,,5,,,,,,,,,,,,1,,,6,1,5,2,1,,1,,,,,,,,,,,,,,,,,,,,,,,,,,,,4,,,,1,,,,,,,,,,,,,,,,,,,,1,1,1,,,,,,,,,,,,,,,2,,,,,,,,,,,1,30,,,,9,4,10,16,15,53,21,15,6,,,6,25,18,31,33,20,93,38,2,14
Clark,KY,37.959945,-84.143514,164,187,142,145,170,157,180,129,155,105,104,77,89,58,51,213,171,97,449,602,276,452,452,454,707,1030,853,884,819,310,128,114,282,300,281,403,200,196,183,155,117,131,732,723,690,967,1298,1103,1162,1033,581,290,273,397,439,374,495,286,273,290,247,231,230,10,11,15,21,25,29,30,23,31,10,9,5,12,5,4,5,10,11,3,3,4,2,1,4,5,4,6,18,21,31,17,16,17,21,12,9,6,7,14,9,6,11,13,12,10,11,8,2,8,1,10,,1,,2,2,1,2,2,2,,,1,6,3,3,5,3,6,8,13,10,3,2,1,,,,,,,,,1,12,12,14,10,12,10,4,6,2,8,3,3,1,3,1,2,,1,1,2,2,62,45,42,58,43,27,19,14,16,10,15,10,8,11,12,8,5,6,9,11,14,,,,,1,1,,11,6,6,6,3,13,11,8,18,9,9,3,7,5,11,9,15,5,8,8,5,732,729,690,968,1298,1103,1162,1034,583,290,273,398,440,377,494,445,406,319,635,750,445
Clay,KY,37.173804,-83.719914,0,0,0,0,0,0,0,0,0,5,13,17,40,13,6,9,6,23,6,62,10,0,0,57,88,98,144,145,127,160,260,534,780,869,362,164,267,76,46,64,38,39,5,25,83,125,149,175,171,147,175,286,570,836,959,398,196,311,127,97,95,80,75,,,,,,,,,,,,,,,,,,,,,,,,,,,,,,,2,5,5,,2,8,1,1,,,2,1,,,,1,,,,,,,1,,,,,,,,,,,,,,,,,,,,,,,,2,,,,,,1,2,1,9,5,9,10,7,2,6,7,8,2,1,1,2,1,6,6,6,1,3,3,4,16,21,27,41,24,24,14,8,11,16,26,38,15,17,32,38,22,22,28,21,,1,,,,,,,,,,,,,,,,,7,12,1,,,,,,,,5,25,83,125,149,175,171,147,175,286,571,836,960,398,196,316,127,97,93,134,76
Clinton,KY,36.72639,-85.147936,45,39,26,14,20,23,16,13,18,18,30,9,7,8,8,27,15,57,15,19,12,364,371,449,355,475,487,570,562,478,536,706,718,681,523,565,520,441,482,380,323,278,444,467,519,396,527,540,597,591,510,570,739,733,696,533,579,537,456,518,396,335,290,1,1,,,,,,,,,,,,,,,,,,,,2,,,,2,3,2,2,1,3,,1,1,,3,2,,3,14,,16,1,11,2,1,1,1,1,,1,4,,,,,,,,,,,,2,7,4,3,6,11,1,1,,,1,,,,,,,,,,1,3,5,8,2,1,4,3,,,1,,,,,,,,,,,,21,28,23,13,17,11,4,10,9,7,1,5,3,1,1,1,4,4,3,,1,,,,,,,,7,8,9,8,7,1,,3,3,1,1,,4,1,,1,,1,,,,446,470,521,396,529,541,597,591,510,570,739,733,696,533,577,551,460,547,412,342,308
Crittenden,KY,37.367365,-88.090076,0,0,0,0,0,0,0,0,0,0,0,0,0,0,0,0,0,0,0,0,0,0,0,0,0,0,0,0,0,0,0,0,0,0,0,0,0,0,0,0,0,0,3,1,0,0,1,0,0,0,0,0,0,0,0,0,0,0,0,0,0,1,0,,,,,,,,,,,,,,,,,,,,,,,,,,,,,,,,,,,,,,,,,,,,,,,,,,,,,,,,,,,,,,,,3,1,,,1,,,,,,,,,,,,,,,,,,,,,,,,,,,,,,,,,,,,,,,,,,,,,,,,,,,,,,,,,,,,,,,,,,,,,,,,,,,,,,,,,,,,,,,3,1,,,1,,,,,,,,,,,,,,,,
Cumberland,KY,36.777645,-85.354965,26,26,24,20,25,24,8,12,5,2,5,7,3,3,5,8,5,48,7,2,5,64,63,80,99,94,168,233,290,367,372,306,287,292,274,207,181,165,137,82,89,78,92,92,109,121,123,195,242,306,378,386,316,304,303,296,220,180,153,122,89,89,84,,,,,,2,,,,,,,,,,,,,,,,2,,1,,,,,2,1,2,2,2,3,2,11,56,36,8,20,,2,,,,,,,,,,,,,,,,,,,,,,,,3,2,,,,,,,,,,,,,,,,,,,,,,2,,,,,,,,,,,,,,,,,,3,1,1,2,1,1,2,,,,,,1,2,,1,,,,,,,1,,,,,,,,,,,,,5,10,3,8,5,16,,,,,,,,92,92,109,122,123,195,242,306,378,386,316,304,303,296,225,245,208,193,109,91,85
Daviess,KY,37.730798,-87.102375,4,1,2,3,9,1,1,0,1,0,0,0,0,0,0,0,0,0,0,0,0,157,689,997,366,290,28,27,33,54,15,30,28,33,5,10,15,4,1,2,2,2,195,719,1029,382,308,36,50,36,59,16,30,28,33,5,10,15,4,1,2,2,2,,,,,,,,,,,,,,,,,,,,,,,,,,,,,,,,,,,,,,,,,,,,,,,,,17,,,,,,,,,,,,,,,38,31,36,12,3,5,5,2,5,,,,,,,,,,,,,,,,,2,,,,,,,,,,,,,,,,,,,,,3,,,,,,,,,,,,,,,,,,,,,,,,,,,1,1,2,,1,,1,,,,,,,,,,,,199,721,1035,382,308,36,50,36,60,16,30,28,33,5,10,15,4,1,2,2,2
Edmonson,KY,37.194168,-86.21585,0,0,0,0,2,0,0,0,0,0,0,0,3,0,0,0,0,0,0,0,0,0,0,0,0,0,0,0,0,0,0,0,0,0,0,0,0,0,0,0,0,0,0,0,0,0,2,0,1,0,0,0,0,0,3,0,0,0,0,5,1,0,0,,,,,,,,,,,,,,,,,,,,,,,,,,,,,,,,,,,,,,,,,,,,,,,,,1,,,,,,,,,,,,,,,,,,,,,,,,,,,,,,,,,,,,,,,,,,,,,,,,,,,,,,,,,,,,,,,,,,,,,,,,,,,,,,,,,,,,,,,,,,,,,,,,,,,,,,,,,,,,,,2,,1,,,,,,3,,,,,,,,
Elliott,KY,38.157509,-83.122007,0,0,0,0,0,0,0,1,0,0,0,0,0,0,0,0,0,0,0,0,0,0,0,0,0,0,0,0,0,0,0,0,0,0,0,0,0,0,0,0,0,0,0,0,0,1,0,0,0,1,0,0,0,1,0,0,2,0,1,0,0,0,0,,,,,,,,,,,,,,,,,,,,,,,,,,,,,,,,,,,,,,,,,,,,,,,,,,,,,,1,,,2,,,,,,,,,,,,,,,,,,,,,,,,,,,,,,,,,,,,,,,,,,,,,,,,,,,,,,,,,,,,,,,,,,,,,,,,,,,,,,,,1,,,,,,,,,,,,,,,,,,,,,1,,,,1,,,,1,,,2,,,,,,
Estill,KY,37.697538,-83.974426,2,0,1,0,3,0,2,1,3,0,5,35,26,32,428,202,139,1942,2456,1486,215,4,37,74,35,65,13,4,9,2,4,57,181,191,201,215,1223,1313,1536,887,118,177,31,79,101,68,95,24,10,14,14,14,70,225,224,244,236,244,238,333,371,367,341,,,,,,,,,,,,,,,,1,1,,1,3,1,8,3,,4,1,1,,1,4,5,1,3,1,1,4,3,,,2,1,2,1,,,,,,3,,1,1,,1,1,,1,,,1,,2,3,,,2,,,1,,,,,,,1,3,13,,,1,1,,,5,6,1,8,8,2,,,,,3,,1,1,1,2,2,41,54,72,44,11,26,22,21,17,7,1,3,4,3,3,4,2,5,2,9,15,64,102,97,118,,1,,,,,1,2,7,1,,1,,1,,,1,1,1,1,,4,1,,,,,,33,79,101,68,95,24,11,14,14,14,70,225,224,244,668,1442,1470,3585,3503,1779,561
Fayette,KY,38.060648,-84.480261,138,150,181,143,134,125,115,88,150,85,106,113,148,116,726,39,28,49,44,61,86,12124,12834,13323,14389,14878,16797,16230,15676,15182,15845,16557,17466,18644,18071,19286,21427,21035,22240,20375,19739,21981,15268,16251,17047,18020,17591,18464,17825,17164,16935,17453,17928,18854,19802,19179,18536,18912,18944,17236,16600,16407,12511,60,80,66,61,31,18,22,23,15,18,32,48,49,48,35,3,5,13,1,2,1,11,5,9,15,5,8,9,10,2,6,9,24,19,26,19,21,11,13,9,10,7,111,202,149,100,55,50,145,33,40,40,53,66,64,46,13669,23854,3066,3419,3172,3428,3134,159,135,109,44,13,2,9,4,11,1,2,3,1,1,1,5,,2,,4,,569,675,726,839,594,325,314,292,374,329,283,261,218,176,210,172,155,118,135,133,130,1839,1980,2221,2334,1840,1169,971,1027,1189,1176,999,925,774,675,670,606,756,488,478,508,499,13,324,31,24,14,35,64,318,254,332,274,188,168,189,206,144,147,86,128,110,216,592,1170,710,365,332,194,168,15330,16316,17116,18199,17740,18663,18004,17360,17115,17660,18135,19037,20041,19391,35230,47621,25797,26731,24560,24114,26070
Fleming,KY,38.398763,-83.677393,196,135,132,171,211,139,205,198,156,178,162,129,114,106,126,721,452,273,214,165,131,247,210,237,251,377,447,589,600,725,756,880,850,785,853,764,752,688,693,474,424,313,492,386,419,499,669,666,870,869,935,1021,1154,1058,959,1025,801,653,668,589,525,445,412,,,2,18,1,,,3,1,,3,,1,2,12,5,1,5,2,1,1,,,7,2,1,4,8,11,7,8,2,,9,6,4,24,26,27,16,13,30,1,,,2,1,,,,,,1,1,,,1,1,,,,,,25,20,21,24,38,46,33,12,9,10,6,4,5,4,14,14,4,18,18,7,6,3,8,2,4,6,4,,7,4,5,22,6,5,6,5,1,4,8,10,6,7,24,17,25,25,34,27,31,37,30,57,62,59,19,32,31,36,43,27,49,35,45,1,187,89,42,9,1,,2,3,1,7,3,3,5,2,4,9,17,11,23,15,18,7,,1,14,,2,498,393,427,504,672,670,871,870,936,1024,1155,1061,961,1026,975,1748,1307,1094,806,652,535
Floyd,KY,37.545546,-82.777858,2,3,2,0,0,0,0,0,3,0,0,0,1,1,0,0,0,0,0,1,0,166,125,143,151,140,185,264,214,158,181,199,229,241,275,313,389,379,278,202,78,198,246,206,195,225,202,222,303,277,211,241,244,289,275,317,367,439,456,324,245,83,204,,,,,,,,,,,,,,,,,,,,,,,1,,,1,1,2,3,3,,,2,2,1,1,,1,,,,,6,6,6,5,3,,2,,2,,1,1,,1,,,,,,,,,1,,1,2,,,,,,,,,,,,,,,,,13,17,8,19,6,4,6,8,3,11,4,5,8,4,5,4,15,7,5,,,58,54,36,45,47,30,27,47,41,49,40,52,23,35,47,45,60,39,38,4,6,,,,,,,,1,,,4,3,2,2,5,1,,,,,,,1,1,,,,,246,207,195,225,202,222,303,277,211,241,244,289,275,317,366,439,456,324,245,83,204
Franklin,KY,38.248102,-84.898478,308,283,159,162,108,109,87,79,70,74,68,69,51,36,1389,10,264,3,196,5,23,165,92,149,247,172,88,87,54,84,109,128,117,98,89,57,226,191,184,224,190,170,748,578,590,606,506,360,408,2427,392,378,303,273,278,192,148,159,126,138,205,220,152,2,,2,,6,5,6,20,29,8,8,7,10,5,6,11,3,4,1,4,1,,,1,1,9,13,4,7,1,3,,3,3,4,7,2,2,,1,13,2,8,8,1,4,7,15,115,2168,13,14,19,22,30,5,5,2,,3,35,80,158,125,36,39,7,19,40,7,1,1,3,2,2,,,1,,3,2,1,3,,31,39,69,43,34,11,15,10,10,26,7,8,10,10,8,2,6,18,21,27,5,111,117,171,159,141,61,71,55,50,61,17,17,26,12,17,26,24,32,57,65,13,6,3,4,7,2,8,7,19,14,23,21,16,24,17,33,136,80,56,38,51,30,49,88,95,3,3,1,37,769,589,614,644,512,366,409,2427,394,378,305,284,279,192,1546,370,592,256,541,396,416
Fulton,KY,36.563048,-89.132487,0,0,0,0,0,0,0,0,0,0,0,0,0,0,0,0,0,0,0,0,0,0,0,0,0,0,0,0,0,0,0,0,0,0,0,0,0,0,0,0,0,0,6,1,5,0,0,1,2,0,0,0,0,0,0,0,0,0,0,0,0,0,0,,,,,,,,,,,,,,,,,,,,,,,,,,,,,,,,,,,,,,,,,,,,,,,,,,,,,,,,,,,,,,,,6,1,5,,,1,2,,,,,,,,,,,,,,,,,,,,,,,,,,,,,,,,,,,,,,,,,,,,,,,,,,,,,,,,,,,,,,,,,,,,,,,,,,,,,,,,,,,,,6,1,5,,,1,2,,,,,,,,,,,,,,
Gallatin,KY,38.729507,-84.877639,1,0,0,1,1,0,0,0,0,1,0,0,3,0,0,0,0,0,0,0,0,16,23,1,18,4,6,7,10,7,5,15,12,8,5,3,32,407,196,12,2,0,17,23,1,22,5,6,11,10,7,6,15,13,11,5,3,20,217,111,12,2,1,,,,2,,,,,,,,,,,,,,,,,,,,,,,,,,,,,,,,,,,,,,,,,,,,,,,,,,,,,,,,,,,,,,,,,,,,,,,,,,,,,,,,,,,,,,,,,,,,,,,,,,,,,,,,,,,,4,,,,,,,,,,,,,,,,,,,,,,,,,1,,,,,,,,1,,,,,,2,,,,17,23,1,22,5,6,11,10,7,6,15,13,11,5,3,32,407,198,12,2,
Garrard,KY,37.641323,-84.564147,92,91,98,94,99,75,78,59,34,24,6,3,8,3,2,1,0,0,0,0,0,42,73,154,206,301,384,232,221,134,223,104,256,436,450,420,1,1,2,0,0,15,136,171,267,319,413,476,328,291,185,267,124,268,457,463,436,2,5,15,5,8,23,,,,1,1,2,1,,,,1,,,1,,,,,,,,,,1,,1,1,,3,6,9,1,1,,,1,,,,,,4,,,1,,,,2,,,,,1,1,,,,,,,,,,1,,1,,,,,,,,,,,,,,,,,,1,1,2,2,1,1,2,1,1,,2,3,3,1,6,,,,,2,,4,5,11,15,8,14,11,7,9,10,6,3,5,6,5,,,1,,,,,,,,,,,,2,2,,3,,4,,1,1,4,1,4,2,1,,,,,,,139,173,269,319,414,477,330,291,185,267,124,268,457,463,435,2,1,3,,2,19
Grant,KY,38.656525,-84.647912,62,64,56,54,53,43,44,27,35,38,29,14,17,22,12,15,26,147,124,148,23,698,695,671,681,711,813,863,917,921,946,924,854,778,833,895,884,807,743,851,691,364,836,855,829,863,875,971,1030,1052,1087,1095,1025,940,851,888,937,942,863,802,921,769,415,1,,1,,,,,4,5,4,,,,1,,4,3,1,4,1,2,2,5,3,2,2,3,8,7,14,13,8,7,3,6,4,83,91,8,25,3,10,6,4,5,1,2,2,1,2,2,1,,,,,,7,,1,,,1,14,16,19,19,22,29,23,5,5,,,,,,2,1,,,,1,2,5,6,8,16,6,10,11,6,11,13,10,6,7,3,6,6,4,,2,,,48,63,70,92,81,67,78,81,91,78,52,53,39,18,13,20,19,13,31,23,9,1,,1,,,,,1,2,1,1,,4,2,3,3,1,1,6,8,6,5,5,8,3,2,,4,837,855,834,866,877,971,1030,1052,1087,1095,1025,940,852,889,938,1025,959,916,1039,867,415
Graves,KY,36.688773,-88.710896,1,,7,1,0,1,2,0,0,0,0,0,4,0,5,0,0,0,0,2,3,0,479,555,0,1,0,0,0,0,0,0,0,0,0,4,0,0,0,1,0,1,63,537,630,40,25,35,25,13,4,5,2,4,5,0,9,0,3,10,1,4,4,,,,,,,,,,,,,,,,,,,,1,,,,,,,,,,,,,,,,,,,,,,,,,,,,,,,,,,,,,,,3,,,,,66,66,85,45,28,37,23,18,3,6,2,4,1,,,,,,,,,,,,,,,,,,,,,,,,,,,,,,,,,,,,,,,,,,,,,,,,,,,,,,,,,,,,,,,1,,,1,,,,,,,,,,,,,67,545,647,46,29,39,25,18,4,6,2,4,5,,9,,3,,1,3,4
Grayson,KY,37.455496,-86.37822,10,23,5,2,0,0,0,0,0,0,0,0,0,0,1,0,0,0,0,0,1,146,289,366,68,14,2,9,1,7,0,0,0,0,1,0,1,0,0,1,0,2,176,344,401,79,21,5,12,4,7,1,0,0,0,1,1,4,0,1,1,0,57,,,3,,,,,,,,,,,,,,,,,,,,,,,,,,,,,,,,,,17,,,,,,,,,,,,,,,,,,,,,,,,,,,22,35,36,11,7,3,2,2,,,,,,,,,,,,,,,,,,,,,,,,,,,,,,,,,,1,,,,,,,1,,,,,,,,,,,,,,7,,,,,,,,,,,,,,,1,,1,,,,,,,,,,,,178,347,410,81,21,5,12,4,7,1,,,,1,1,18,,,1,,11
Green,KY,37.257012,-85.56121,6,2,14,2,11,5,1,,,3,,2,2,4,1,24,0,0,6,3,1,59,46,108,5,8,6,2,0,0,0,0,0,4,0,0,37,0,0,2,3,0,75,59,131,10,27,14,4,1,1,7,6,7,15,17,12,44,46,17,11,8,1,,,,,,,,,,,1,,,,,,,,,,,,,,,,1,,,,1,,,,1,,,,,,,,5,4,6,1,3,,1,1,,,,,,,,,,,,,,1,,,,,,,,,,,,,,,,,,,2,,,,2,,1,,,,,,,,,,,,,,,,,3,6,1,2,4,,,,1,,,,,,,,1,,4,,,11,6,45,14,,,,1,1,,,,2,,,,3,5,5,9,12,,,,,,,,75,59,131,10,27,14,4,1,1,7,6,7,15,17,12,67,46,14,12,8,1
Greenup,KY,38.566569,-82.950156,14,11,9,11,8,4,6,5,3,5,1,1,4,1,0,1,0,0,0,1,0,236,210,217,366,371,430,450,435,354,389,307,252,193,157,107,85,137,57,83,41,48,343,323,309,494,456,511,498,504,391,396,312,255,199,159,115,100,143,67,91,48,59,,,1,,,,,,1,,,1,,,,,,,,,,1,,3,1,,,,2,5,1,1,1,,,,,,,,,,,,,,,1,,1,,,,,,,2,,,,,,,13,27,24,22,24,25,,2,,,,,,,,,,,,,,13,13,9,19,10,8,6,9,5,1,1,,,1,,1,,2,4,2,2,65,59,44,72,43,41,36,48,23,,2,,2,,6,12,6,5,4,4,3,,1,,,,,,1,3,2,3,,2,,2,,,,,,,,,,,,,,343,323,309,494,456,511,498,504,391,396,312,255,199,159,115,100,143,64,91,48,53
Hancock,KY,37.828091,-86.761749,0,0,0,0,3,0,0,0,0,0,0,0,0,0,0,0,0,0,0,0,0,0,0,0,0,0,0,0,0,0,0,0,0,0,0,0,0,0,0,0,0,0,1,1,8,1,3,0,1,0,0,0,0,0,0,0,0,0,0,0,0,0,0,,,,,,,,,,,,,,,,,,,,,,,,,,,,,,,,,,,,,,,,,,,,,,,,,1,,,,,,,,,,,,,,,,,,,,,,,,,,,,,,,,,,,,,,4,1,,,,,,,,,,,,,,,,,,,,,,,,,,,,,,,,,,,,,,,,,,,,,,1,1,4,,,,,,,,,,,,,,,,,,,1,1,8,1,3,,1,,,,,,,,,,,,,,
Hardin,KY,37.656571,-86.012157,133,97,99,57,69,67,55,28,39,7,28,13,49,32,17,96,47,96,78,6,11,841,1062,982,898,985,1324,1456,979,69,33,51,61,82,56,20,34,18,12,12,13,3,1182,1366,1203,1044,1114,1470,1563,1095,167,112,119,78,134,95,45,69,46,59,36,43,19,1,3,,1,4,4,5,4,,3,4,2,1,3,2,,1,1,,,,1,2,3,1,1,4,7,2,1,1,,1,1,1,3,,,,,,,3,4,5,1,3,3,,5,,1,3,,1,,1,,3,,1,1,,27,23,26,30,14,21,12,30,,,,,,,,,,,,,,29,49,23,16,12,6,5,5,5,11,4,1,,2,1,1,3,3,,6,1,156,128,76,46,23,38,21,40,52,54,29,,1,1,1,,3,5,2,15,8,1,,,1,,,,4,4,3,2,9,3,2,2,1,2,,,,,,7,1,,,,,1195,1372,1217,1052,1120,1470,1563,1095,167,112,119,78,135,95,46,138,76,118,93,41,23
Harlan,KY,36.88903,-83.207764,0,0,0,0,0,0,0,0,0,0,0,0,0,0,0,0,0,0,0,0,0,46,29,29,25,37,35,27,47,46,21,33,21,21,8,30,25,22,15,23,7,12,68,46,57,63,52,58,33,50,50,24,38,27,24,9,33,27,22,18,24,9,12,,,,,,,,,,,,,,,,,,,,,,,,,,,,,,,,,1,,,,,,,,,,,,,,,1,,,,,,1,,,,,,,,,,,,,,,,,,,,,,,,,,,,,,,4,,2,2,3,4,2,,1,,,,,,,,,,,,,18,17,26,35,10,18,4,3,3,3,5,4,2,1,3,1,,3,1,1,,,1,,,,,,,,,1,2,,,,,,,,1,,,,,,,,,68,46,57,63,52,58,33,50,50,24,38,27,24,9,33,27,22,18,24,8,12
Harrison,KY,38.433304,-84.354205,245,247,189,178,177,176,194,163,188,163,143,114,115,108,69,174,258,122,309,214,525,679,803,812,771,881,799,821,919,1090,1458,1468,1497,1331,1152,1214,1196,582,529,464,540,585,1074,1265,1228,1234,1277,1161,1250,1353,1569,1885,1864,1826,1656,1448,1440,1421,844,789,744,865,948,3,1,3,6,7,4,10,19,23,26,16,17,10,2,2,,1,9,3,4,5,12,13,3,8,10,19,27,34,56,47,33,30,21,17,15,75,38,38,59,45,53,10,8,10,9,1,1,4,2,1,5,5,5,2,3,,,,3,1,,2,8,6,4,5,7,3,7,3,2,,1,,3,,,2,4,,2,,,22,29,26,56,33,16,33,45,45,23,40,20,28,22,22,17,25,24,28,29,30,95,152,174,190,152,136,158,159,154,162,153,125,139,137,117,122,135,123,129,143,165,,,1,,3,2,,8,9,11,13,15,10,1,11,9,3,6,17,7,4,15,1,1,1,2,1,2,1082,1268,1232,1236,1283,1164,1255,1355,1569,1887,1865,1826,1657,1448,1454,1587,1045,849,1000,978,1367
Hart,KY,37.31013,-85.848624,1,85,8,5,1,14,6,5,1,0,3,0,7,12,0,123,0,0,0,1,378,53,118,176,54,78,92,64,5,2,9,5,2,2,1,0,3,0,0,0,0,12,62,237,216,74,80,116,72,10,4,9,8,4,10,15,0,50,0,19,0,3,76,,1,,,,,,,,,,,,,,5,,,,,,,,,,,1,,,,,,2,,,,6,,,,,,,5,1,,,3,2,,,,,,,1,,,,,,,,7,6,9,5,1,1,,,,,,,,,,,,,,,,,3,5,,,,,,,,,,,,,1,,,,,,,18,17,9,,2,,,,,,,,1,,3,,,,,,,,,,,,,1,3,2,1,,3,,,1,,,,,,,7,,,,1,,62,239,218,74,80,116,72,10,4,9,8,4,10,15,,148,,,,2,390
Henderson,KY,37.741516,-87.579129,1,1,3,4,0,0,2,0,1,0,0,0,0,0,0,0,0,0,0,0,0,0,3,1,1,1,7,0,1,0,0,0,1,0,0,0,0,0,0,0,0,0,13,12,29,24,11,7,4,1,1,0,0,1,0,0,0,0,0,1,0,1,0,,,,,,,,,,,,,,,,,,,,,,1,,,,,,,,,,,,,,,,,,,,,,,,,,,1,,,,,,,,,,,,,,,8,5,5,1,,,1,,,,,,,,,,,,,,,,,1,3,,,,,,,,,,,,,,,,,,2,3,20,14,10,,,,,,,,,,,,,,,,,,,,,,,,1,,,1,,,,,,,,,,,,,,,,,,13,12,30,24,11,7,4,1,1,,,1,,,,,,,,,
Henry,KY,38.426839,-85.147936,41,27,18,27,26,17,21,29,25,23,23,15,20,25,130,156,251,448,433,360,282,8,3,8,12,7,14,15,7,20,4,2,3,155,232,305,303,370,410,427,414,366,102,74,65,78,64,68,81,72,103,74,69,79,234,289,373,382,356,435,488,518,490,,,2,,,,1,3,2,3,3,1,1,1,,,1,3,3,15,7,,1,2,,,,2,6,9,8,8,2,3,,2,16,,1,1,8,17,1,1,1,,,,2,,3,,1,1,1,2,,,1,,2,1,6,5,2,3,1,1,3,8,2,4,4,4,,1,,,,1,7,37,27,45,7,5,4,10,3,1,5,4,10,4,5,8,8,5,3,1,3,,2,2,1,38,32,27,24,26,33,23,18,28,25,23,31,24,22,21,23,24,11,20,13,12,,,,2,1,,,2,3,1,4,1,,4,3,2,3,1,18,21,2,16,9,23,17,1,6,5,102,74,66,78,64,68,81,72,103,74,70,79,234,289,477,508,674,899,927,846,741
Hickman,KY,36.648218,-88.979678,0,0,0,0,0,0,0,0,0,0,0,0,0,0,0,0,0,0,0,0,0,0,0,0,0,0,0,0,0,0,0,0,0,0,0,0,0,0,0,0,0,0,0,0,0,0,0,0,0,0,0,0,0,0,0,0,0,0,0,0,0,0,0,,,,,,,,,,,,,,,,,,,,,,,,,,,,,,,,,,,,,,,,,,,,,,,,,,,,,,,,,,,,,,,,,,,,,,,,,,,,,,,,,,,,,,,,,,,,,,,,,,,,,,,,,,,,,,,,,,,,,,,,,,,,,,,,,,,,,,,,,,,,,,,,,,,,,,,,,,,,,,,,,,,,,,,,,,,,,,,
Hopkins,KY,37.315309,-87.579129,3,1,1,,2,0,0,0,0,0,1,0,0,0,0,0,0,0,0,0,0,5,14,0,1,2,6,16,17,16,17,15,8,0,0,0,0,0,0,0,0,0,47,37,6,7,13,8,24,22,19,17,16,8,0,0,0,0,1,0,0,0,0,,,,,,,,,,,,,,,,,,,,,,1,,,,,,,,,,,,,,,,,,,,,,,,,,,,,,,,,,,,,,,,,,36,23,7,5,8,2,8,5,3,,,,,,,,,,,,,1,,,1,,,,,,,,,,,,,,,,,,5,2,,,,,,,,,,,,,,,,,,,,,,,,,,,,,,,1,,,,,,,,,,,,,,,,,51,40,8,7,13,8,24,22,19,17,16,8,,,,,,,,,
Jackson,KY,37.402327,-84.016742,19,24,12,20,4,9,10,8,7,7,10,1,4,0,0,0,0,0,0,0,0,247,183,218,283,387,420,445,476,408,394,309,0,92,0,0,0,0,0,0,0,0,299,257,299,349,417,460,476,524,453,432,377,2,116,6,1,0,1,1,0,0,0,,,1,,,,,,,,,,,1,,,,,,,,,,1,2,1,4,1,,10,2,3,,1,,1,,,,,,,1,1,8,5,1,,,1,,,,1,2,,,,,,,,,3,,,,,5,1,,,,2,,,,,,,,,,,5,6,3,5,4,2,2,3,3,2,1,,1,,,,,,,,,24,45,56,32,19,21,17,32,22,18,12,,16,5,,,1,,,,,,,,,,,,,,,2,1,1,,4,3,9,41,,,,,,,,,,,299,259,299,349,417,462,476,524,453,432,378,2,116,6,1,,1,,,,
Jefferson,KY,38.19381,-85.643487,8,5,4,2,2,0,2,1,1,3,0,0,2,0,0,0,1,0,1,10,14,112,191,117,74,209,109,294,290,187,296,459,99,77,95,93,752,1011,693,418,149,127,1598,1893,2055,2208,2316,1939,1964,1911,1631,1777,1958,1661,1630,1593,1523,1737,2367,2059,1783,1434,1417,,1,1,,,1,,,,,,,,,,1,1,7,,,,1,5,1,7,28,7,10,1,1,1,1,2,2,2,2,16,13,24,29,23,26,139,196,227,245,246,266,296,213,48,13,9,7,6,5,3,,,4,4,2,2,19,12,10,11,7,2,4,5,5,3,5,1,8,4,5,6,3,7,10,15,28,192,211,277,320,260,199,178,179,184,169,175,219,215,184,175,186,194,185,151,144,140,1085,1181,1281,1418,1423,1315,1153,1172,1133,1257,1266,1317,1286,1274,1215,1156,1212,1203,1176,1068,1083,6,4,2,4,3,7,2,48,95,140,131,141,47,29,53,72,36,44,20,33,32,26,46,49,35,41,42,26,1604,1897,2058,2208,2317,1946,1966,1914,1631,1778,1959,1665,1631,1596,1526,2167,2486,2161,1833,1460,1448
Jessamine,KY,37.895573,-84.564147,161,166,149,114,77,60,46,57,52,40,37,25,18,15,28,14,78,208,30,34,32,1256,1282,1476,1878,1808,2073,1332,1219,1111,890,994,1223,996,841,662,877,962,654,412,428,407,1708,1764,2006,2339,2268,2420,1672,1521,1404,1235,1236,1479,1244,1063,847,773,937,735,559,535,588,5,8,8,19,7,11,18,19,9,10,5,1,5,2,,3,,3,2,2,,16,20,12,6,13,9,12,29,23,12,11,5,4,7,3,2,1,3,61,4,7,10,4,7,3,1,1,11,2,1,1,2,,1,2,3,,1,1,1,1,2,3,5,1,,2,1,,1,,,,,,1,,,,,,,,44,47,69,49,61,39,36,34,30,44,35,26,33,25,13,21,16,14,16,16,23,202,217,263,262,285,220,209,146,169,237,144,191,183,163,137,143,138,121,140,128,124,,1,,2,,,1,13,20,21,10,16,11,10,15,11,4,8,8,4,7,9,4,6,9,4,1,,1710,1769,2006,2341,2270,2425,1674,1523,1407,1238,1236,1479,1244,1064,855,1065,1202,1014,666,614,596
Johnson,KY,37.804834,-82.864062,2,1,1,0,0,0,0,1,0,2,1,0,1,0,0,0,0,0,0,0,0,56,64,129,104,122,106,139,132,116,120,97,76,65,69,82,40,88,46,29,53,32,90,111,167,154,162,130,173,160,121,134,105,81,70,71,47,32,42,42,36,60,37,,,,,,,,,,,,,,,,,,,,,,,2,2,,3,3,,2,2,5,1,2,1,1,,,,,,,,2,,1,2,,,1,,1,1,,,1,,,,,,,,,,,,,,,,,,,,,,,,,,,,,,4,4,11,12,7,5,8,6,,,1,2,1,,,,1,,1,1,,26,37,24,34,28,16,24,18,1,6,5,1,1,,,2,1,,6,5,5,,,,,,,,,3,,2,2,,1,1,1,,,,,1,,1,,,,,,90,111,168,154,162,130,173,160,121,134,105,81,70,71,82,43,90,46,36,59,37
Kenton,KY,38.986387,-84.564147,66,49,43,45,42,33,40,33,39,38,18,7,10,9,21,12,10,14,63,10,31,91,94,80,53,57,82,97,100,104,90,80,75,66,49,76,31,38,49,30,22,21,445,380,467,456,365,415,376,294,348,261,168,252,180,135,186,138,116,121,91,93,80,,1,,,,,,,,,,,,1,,,,,,,,3,4,3,4,4,8,5,5,12,2,1,,3,1,3,2,,1,,5,1,12,7,21,15,10,9,5,2,2,1,,,3,,,,,,,,,3,2,7,10,6,7,5,6,,,,,,,,,,,,,,29,27,69,63,46,44,33,38,36,19,12,22,9,12,19,8,9,10,4,5,6,233,193,240,250,186,227,179,106,148,110,56,139,81,61,64,73,55,50,51,57,45,,1,1,,,,,11,5,6,16,14,6,12,6,6,2,1,9,8,2,7,8,4,1,1,1,,448,382,469,456,365,416,376,296,348,262,168,252,180,135,190,135,117,125,149,100,104
Knott,KY,37.346112,-82.993161,5,3,5,1,,2,8,1,3,2,3,1,0,0,0,0,0,3,0,0,0,82,89,99,111,167,148,176,168,109,123,86,90,63,10,1,20,24,25,32,0,0,114,129,137,141,187,166,194,182,127,145,115,101,70,10,2,20,24,28,32,0,0,,,,,,,,,,,,,,,,,,,,,,1,4,3,1,3,,1,1,6,,2,,,,,,,,,,,,,,1,1,,1,,2,2,,1,1,,1,,,,,,,,,1,,,,,1,,,,,,,,,,,,,,6,2,6,6,2,4,,,3,2,1,,,,,,,,,,,19,27,17,19,13,11,8,11,4,15,22,7,3,,,,,,,,,,,,,,,,1,4,6,2,1,1,,,,1,1,2,2,,,,,,,,,114,129,137,141,187,166,194,182,127,145,115,101,70,10,2,20,24,28,32,,
Knox,KY,36.926058,-83.889706,0,2,4,8,2,3,3,5,3,1,3,1,0,1,0,2,1,1,2,0,0,0,127,141,134,151,231,261,260,235,292,271,244,150,155,134,112,64,74,55,63,65,1,136,181,174,180,264,304,319,278,335,300,292,187,185,161,144,93,100,86,101,97,,,,,,,,,,,,,,,,,,,,,,,,1,1,2,1,3,9,5,3,2,1,4,,,,,,,1,,,1,1,2,,,,1,,,1,,,,,,,,,,,1,,1,1,,1,,,,,,,,,,,,,,,,,,3,3,4,1,4,4,2,6,1,3,3,2,,4,3,2,4,6,5,,5,30,25,21,26,32,40,33,33,22,43,30,27,25,25,25,28,24,31,27,,,,,,,,,1,,,,1,1,,,,,,,,1,,,,1,,,1,136,181,174,180,264,304,319,278,335,300,292,187,185,160,143,93,105,86,101,97
Larue,KY,37.518955,-85.725637,1,5,2,10,14,9,2,2,6,1,1,1,10,6,1,0,0,0,5,3,25,164,171,159,154,138,49,7,9,0,5,0,6,5,0,0,0,0,0,0,0,5,167,176,166,164,160,69,24,24,11,15,7,14,17,15,7,1,8,6,5,7,8,,,,,,,,,1,2,,1,,2,2,,,,,,,,,,,,1,2,7,3,7,5,2,2,4,2,,6,1,,,,,,1,,,,,1,,,,,,,,,,,,,,,,,1,6,10,10,4,1,,,4,,,1,,15,,,,,,,,1,,,,,,,1,,,,,,,,,,,1,,2,,1,,3,,,,,,,3,,,,,,,,,,,,,,,1,,2,,1,,,1,,,,,,,,,,,,,,167,176,166,166,160,69,24,24,11,15,7,14,17,15,6,,21,1,5,3,30
Laurel,KY,37.069349,-84.185712,58,44,48,40,31,25,25,19,18,20,13,15,21,20,33,20,429,625,331,452,135,399,440,585,627,890,901,911,864,709,746,763,835,773,650,603,498,608,375,295,337,304,625,720,945,909,1153,1148,1155,1084,937,951,938,1076,1029,891,803,700,796,620,584,649,640,2,1,2,,2,,1,1,1,1,,,,,,,,,,,,2,6,3,5,4,4,3,10,12,10,4,3,4,2,,1,2,,2,3,1,2,3,3,3,,7,16,13,11,5,1,1,,1,,,,,,1,1,4,2,6,1,6,10,11,9,4,2,,2,6,1,,9,,,20,,4,24,30,49,39,30,19,20,30,26,18,19,23,19,30,14,22,19,28,24,28,35,131,191,236,192,188,175,165,128,142,142,128,156,145,157,181,142,136,192,229,248,256,,76,45,11,32,54,37,3,5,17,4,3,7,4,11,13,8,10,41,61,31,11,26,,15,,,,625,722,949,911,1154,1148,1156,1085,937,952,938,1076,1029,892,842,794,1239,1246,933,1123,773
Lawrence,KY,38.052675,-82.777858,1,0,1,3,0,1,0,2,0,2,0,2,2,2,0,6,,,2,4,2,0,4,105,125,200,218,91,210,235,182,281,367,413,483,491,528,515,494,429,4,77,1,8,117,149,218,234,99,218,236,184,291,386,428,494,517,596,656,670,508,14,154,,,,,,,,,1,,1,,1,,,,,,,,,,,,1,2,2,1,,,,3,,1,1,2,3,,4,1,,,,,,1,3,3,,2,,,1,,,,,,,,,,2,,,,,,,,,,,,,,,,1,,,,,,,,2,2,1,,1,,,,1,,1,2,,4,10,15,4,3,7,,4,9,17,12,10,6,3,,,3,10,5,5,4,11,79,116,65,3,67,14,42,44,43,16,,,,,,,,,,1,,,1,7,4,1,6,2,,,,,1,1,8,117,149,218,234,99,218,236,184,291,386,428,494,517,597,648,672,517,14,156
Lee,KY,37.599443,-83.719914,33,32,47,30,22,15,31,29,28,25,18,28,33,21,300,222,776,360,379,72,85,429,541,648,1062,699,909,1082,1098,1162,565,521,597,230,100,349,488,193,293,178,4,13,472,577,706,1102,730,929,1118,1144,1202,605,548,652,275,147,113,77,77,54,64,51,78,,,,,3,,,1,,1,1,,,,1,,,,,,12,4,1,1,1,1,5,3,4,3,6,,4,2,2,4,2,2,1,2,3,10,1,1,,1,1,,1,,1,,1,2,,,,,,,,2,1,2,1,,,1,,,,,,,4,,,1,1,,,,,,,,,,,,,,,,,,1,2,1,3,2,,,,,3,1,10,6,2,,1,11,4,8,7,14,7,22,20,7,15,11,14,11,14,,,,,,,,,2,1,2,1,,,1,3,,,1,1,,2,1,,2,,,,472,579,707,1102,730,929,1118,1144,1202,605,548,652,275,147,678,724,988,667,573,92,135
Leslie,KY,37.069829,-83.378939,0,0,0,0,0,0,0,0,0,0,0,0,0,0,0,0,0,0,0,0,0,0,0,0,0,0,0,0,0,0,0,0,0,0,0,0,0,0,0,0,0,0,0,1,0,0,0,0,0,0,0,0,0,0,0,0,0,0,0,0,0,0,0,,,,,,,,,,,,,,,,,,,,,,,,,,,,,,,,,,,,,,,,,,,,1,,,,,,,,,,,,,,,,,,,,,,,,,,,,,,,,,,,,,,,,,,,,,,,,,,,,,,,,,,,,,,,,,,,,,,,,,,,,,,,,,,,,,,,,,,,,,,,,,,,,,,,,,,,,,,,,1,,,,,,,,,,,,,,,,,,,
Letcher,KY,37.125351,-82.864062,0,0,0,0,0,0,0,0,0,0,0,0,0,0,0,0,0,0,0,0,0,0,0,0,0,0,0,0,0,0,0,0,0,0,57,46,0,0,0,0,0,1,0,0,0,1,0,0,2,0,0,0,0,0,0,67,49,0,1,2,0,1,1,,,,,,,,,,,,,,,,,,,,,,,,,,,,,,,,,,,,,,,1,,,,,,,1,,,2,,,,,,,1,,,,,,,,,,,,,,,,,,,,,,,,,,,,,,,,,,,,,,,,,,,3,,,,,,,,,,,,,,,,,,,,5,,,1,1,,1,,,,,,,,,,,,,,,,,,,,,,4,,,,,,,,,,,1,,,2,,,,,,,67,49,,1,2,,1,1
Lewis,KY,38.507969,-83.378939,115,127,124,105,135,162,181,138,99,96,86,90,74,82,116,148,247,242,332,211,316,222,258,422,295,253,282,323,338,318,355,447,423,435,384,386,266,228,224,211,113,279,345,402,565,422,412,485,552,497,446,476,548,526,515,475,477,352,331,335,334,237,435,,,1,,,3,1,4,1,2,2,1,1,3,2,6,4,9,3,5,32,1,,,1,1,2,1,12,18,13,11,10,3,5,4,10,6,26,26,17,15,,,,1,,,,1,,1,,,,,1,1,,,2,,,9,15,18,19,22,27,41,3,5,4,2,,1,1,1,1,1,10,1,5,8,,,,,,,,,,,,1,,,,,,,,,,,1,,,,,,2,,,,2,,,1,,,,,,,,,,,32,,1,3,3,5,3,2,10,5,3,9,6,,,1,,4,1,3,,,1,,350,404,570,424,413,486,552,501,450,477,548,527,515,475,515,433,489,511,607,352,651
Lincoln,KY,37.475126,-84.647912,59,59,54,58,51,93,108,200,174,91,123,167,201,183,937,1846,1805,1229,1545,329,507,117,128,149,125,140,167,233,326,381,433,516,676,590,492,723,616,593,493,462,426,459,196,212,240,202,202,263,347,545,569,540,655,868,814,695,881,791,731,672,755,730,779,,1,,,,,,5,2,4,1,5,4,1,1,1,1,6,2,1,3,,3,1,2,,1,,7,6,7,6,10,6,10,9,4,2,2,3,3,5,,,,,,,,5,1,,3,2,1,1,2,,,12,,,1,2,,1,,,,,,,,,,,,,,,,,,,1,2,3,3,1,1,1,,3,,,3,3,,,6,4,3,21,13,18,20,20,31,15,10,1,7,3,1,5,5,1,6,7,9,23,23,42,108,100,88,,,,,,,,,,1,,,,1,3,1,1,,4,3,1,8,9,1,3,2,9,1,199,213,240,203,202,263,350,549,569,541,655,869,814,695,1689,2505,2429,1790,2143,881,1082
Livingston,KY,37.243135,-88.362785,0,0,1,4,0,1,0,0,0,0,0,0,0,0,0,0,0,0,0,0,0,49,30,49,0,0,0,0,0,0,0,0,0,0,0,0,0,0,0,0,0,0,49,31,51,4,0,1,0,0,0,0,0,0,0,0,0,0,0,0,0,0,0,,,,,,,,,,,,,,,,,,,,,,,,,,,,,,,,,,,,,,,,,,,,,,,,,,,,,,,,,,,,,,,,,1,1,,,,,,,,,,,,,,,,,,,,,,,,,,,,,,,,,,,,,,,,,,,,,,,,,,,,,,,,,,,,,,,,,,,,,,,,,,,,,,,,,,,,,,,,,49,31,51,4,,1,,,,,,,,,,,,,,,
Logan,KY,36.869834,-86.862183,0,0,2,17,10,25,19,19,20,9,3,9,18,58,803,659,70,70,15,36,4,0,0,1,3,9,0,0,2,0,1,0,0,3,116,294,463,17,10,2,0,0,9,7,6,24,20,27,23,26,21,10,3,9,21,205,487,602,28,20,6,4,4,,,,,,,,1,,,,,,,,,,,1,,,,,,,,,,,,,,,,,1,2,,,,,,,,,,,,,,,,,,,,,,,,,,,10,8,5,5,1,1,4,3,,,,,,1,,,4,,,,,,,,,,,,,,,,,,4,12,,,1,,,,,,,,,,,,,,,,,23,121,38,2,,,,,,,,,,,,,,,,,1,1,2,1,,,,,3,2,11,,,,,,10,8,8,25,20,27,24,27,21,10,3,9,21,205,1233,1173,93,81,18,36,4
Lyon,KY,37.024726,-88.090076,0,0,0,0,0,0,0,0,0,0,0,0,1,2,0,0,0,0,0,0,0,0,0,0,0,0,0,0,0,0,0,0,0,0,0,0,0,0,0,0,13,0,0,0,0,0,0,0,1,1,0,0,0,0,1,2,0,0,0,6,0,14,0,,,,,,,,,,,,,,,,,,,,,,,,,,,,,,,,,,,,,,,,,,,,,,,,,1,,,,,,,,,,,,,,,,,,,,,,,,,,,,,,,,,,,,,,,,,,,1,,,,,,,,,,,,,,,,,,,,,,,,,,,,,,,,,,,,,,,,,,,,,,,,,,,,,,,,,,,,,,,,,,,,,1,1,,,,,1,2,,,,,,13,
McCracken,KY,37.033061,-88.710896,0,0,0,0,0,0,1,0,0,0,0,0,0,0,86,0,0,0,0,4,1,643,739,611,304,299,139,111,92,66,110,89,181,121,86,108,52,84,75,81,82,84,644,740,611,304,299,139,112,92,66,110,89,181,121,86,109,52,84,82,81,79,85,,,,,,,,,,,,,,,,,,,,,,,,1,,,,,,,,,,,,,,,,,,,,,,,,,,,,,,,,,,,,,,,,1,,1,,,,,,,,,,,,,,,,,,,,,,,,,,,,,,,,,,,,,,,,,,,,,,,,,,,,,,,,,2,,,,,,,,,,,,1,,,,,,,,,,,,,1,,,,1,,,644,740,613,304,299,139,112,92,66,110,89,181,121,86,195,52,84,77,82,86,85
McCreary,KY,36.69735,-84.480261,0,0,0,1,0,0,0,0,0,0,0,0,0,0,0,0,0,0,0,0,0,0,0,0,0,0,0,0,0,1,0,0,0,0,0,0,0,0,0,0,0,0,0,0,0,1,0,0,9,0,1,0,0,0,2,0,0,0,0,0,0,0,0,,,,,,,,,,,,,,,,,,,,,,,,,,,,,,,,,,,,,,,,,,,,,,,,,9,,,,,,,,,,,,,,,,,,,,,,,,,,,2,,,,,,,,,,,,,,,,,,,,,,,,,,,,,,,,,,,,,,,,,,,,,,,,,,,,,,,,,,,,,,,,,,,,,,,,,,,,,,,,,,1,,,9,,1,,,,2,,,,,,,,
McLean,KY,37.564435,-87.261833,0,0,0,0,0,0,0,0,0,0,0,0,0,0,0,0,0,0,0,0,0,0,0,0,0,0,0,0,0,0,0,0,0,0,0,0,0,0,0,0,0,0,0,0,0,0,0,0,0,0,0,0,0,0,0,0,0,0,0,0,0,0,0,,,,,,,,,,,,,,,,,,,,,,,,,,,,,,,,,,,,,,,,,,,,,,,,,,,,,,,,,,,,,,,,,,,,,,,,,,,,,,,,,,,,,,,,,,,,,,,,,,,,,,,,,,,,,,,,,,,,,,,,,,,,,,,,,,,,,,,,,,,,,,,,,,,,,,,,,,,,,,,,,,,,,,,,,,,,,,,
Madison,KY,37.7143,-84.312126,125,130,108,86,98,64,64,67,62,70,45,40,40,38,73,106,30,39,176,114,52,766,779,814,739,763,667,402,214,487,652,547,503,528,424,448,506,533,447,462,517,167,1254,1317,1403,1329,1393,1097,770,505,704,848,716,755,703,604,588,673,693,653,676,726,351,6,2,12,9,7,6,3,8,4,4,6,1,1,,,1,,,,,,6,3,4,,5,7,7,34,21,13,9,8,6,12,6,4,1,15,4,8,11,3,,1,3,5,5,8,2,2,2,1,2,,1,1,,,4,1,,2,4,6,7,8,4,4,7,10,6,9,3,7,2,,2,2,1,2,3,2,,70,86,86,99,129,70,56,38,29,31,30,29,23,22,28,23,32,32,39,26,19,255,294,350,363,361,262,204,122,89,67,66,124,85,76,52,95,97,125,126,120,106,,2,,1,,,1,23,18,24,23,21,14,20,11,4,5,8,41,18,31,11,8,2,,4,4,1,1258,1318,1407,1330,1393,1099,771,506,704,853,716,755,703,604,621,747,696,665,815,791,359
Magoffin,KY,37.730555,-83.036138,0,0,0,0,0,0,0,0,0,0,0,0,0,0,0,0,0,0,0,0,0,0,0,0,0,0,0,0,0,0,0,0,0,0,0,0,0,0,0,0,0,0,0,0,1,0,0,0,0,1,0,0,0,0,0,0,1,0,1,0,0,0,0,,,,,,,,,,,,,,,,,,,,,,,,,,,,,,,,,,,,1,,,,,,,,,,,,,,,,,,,,,,,,,,,,,,,,,,,,,,,,,,,,,,,,,,,1,,,,,,,,,,,,,,,,,,,,,,,,,,,,,,,,,,,,,,,,,,,,,,,,,,,,,,1,,,,,,,,,,,,,,,,1,,,,,1,,,,,,,1,,,,,,
Marion,KY,37.585137,-85.230841,172,192,192,203,146,124,107,114,89,85,71,76,64,52,49,87,60,49,46,63,78,404,466,536,600,426,227,250,298,233,231,246,214,188,153,136,105,128,163,125,140,158,609,731,817,883,647,394,403,467,401,359,356,320,287,245,200,166,178,237,195,217,231,1,,,1,,,,,2,,,,1,,,,1,,1,,,,,1,,,,3,5,8,3,1,1,1,2,,,1,,,,3,3,1,3,4,4,,3,3,1,,,,,,,,,,,,,1,7,4,4,,3,2,1,4,,1,,,,,,1,,,10,1,5,9,16,8,12,7,8,7,12,8,3,10,3,1,3,1,2,3,3,3,,28,52,59,58,54,32,30,38,53,31,31,19,27,35,27,25,18,20,27,34,33,,,,,,,,,4,7,6,5,1,1,1,,2,3,,3,2,2,3,4,,,,1,614,731,818,884,647,394,404,467,402,360,356,320,287,245,217,221,215,235,202,250,274
Marshall,KY,36.857377,-88.401604,0,0,0,0,0,0,0,0,0,0,0,0,0,0,0,0,0,0,0,0,0,242,205,215,42,45,54,0,0,0,0,0,1,10,5,6,3,11,7,14,9,5,243,205,215,42,45,54,0,0,0,0,0,1,10,5,6,3,11,9,14,9,5,,,,,,,,,,,,,,,,,,,,,,,,,,,,,,,,,,,,,,,,,,,,,,,,,,,,,,,,,,,,,,,,1,,,,,,,,,,,,,,,,,,,,,,,,,,,,,,,,,,,,,,,,,,,,,,,,,,,,,,,,,,,,,,,,,,,,,,,,,,,,,,,,,,,,,,,,,,,243,205,215,42,45,54,,,,,,1,10,5,6,3,11,7,14,9,5
Martin,KY,37.783376,-82.518584,0,0,0,0,0,0,0,0,0,0,0,0,0,0,0,0,0,0,0,0,0,0,0,0,0,0,0,0,0,0,0,0,0,0,0,0,0,0,0,0,0,0,0,0,0,0,0,0,0,0,0,0,0,0,0,1,0,0,0,0,0,0,0,,,,,,,,,,,,,,,,,,,,,,,,,,,,,,,,,,,,,,,,,,,,,,,,,,,,,,,,,,,,,,,,,,,,,,,,,,,,,,,,,,,,,,,,,,,,,,,,,,,,,,,,,,,,,,,,,,,,,,,,,,,,,,,,,,,,,,,,,,,,,,,,,,,1,,,,,,,,,,,,,,,,,,,,,1,,,,,,,
Mason,KY,38.61941,-83.889706,83,73,89,55,42,37,23,16,11,2,2,13,21,54,9,1,0,0,1,76,2,148,132,84,102,98,94,82,87,102,86,88,107,59,37,38,36,22,20,24,20,13,263,258,224,218,184,180,140,128,151,108,111,138,95,99,55,48,32,34,33,31,18,,,,,1,,,,,,,,,1,,,,,1,,,,1,,1,1,2,,1,,,,,1,,,,,,,,,,4,5,1,2,,,,,,,,,,,,,,,,,27,38,26,16,6,4,4,,,,,,,,,,1,,,,,1,2,7,9,4,13,4,2,4,3,6,4,3,1,2,1,2,1,1,,,8,11,13,35,28,30,26,18,33,17,15,14,11,6,9,10,3,,2,,,,,,,,,,1,,3,1,2,,1,4,1,,,,,,,,,,,,,268,261,227,220,184,180,140,128,151,108,111,138,95,99,58,48,28,21,29,96,15
Meade,KY,37.96015,-86.21585,53,56,40,36,45,9,11,7,9,3,7,3,14,1,3,0,3,18,0,2,19,72,75,145,220,238,224,207,214,216,131,93,56,51,29,2,0,6,808,0,0,1,196,201,258,342,360,287,257,240,238,140,102,61,66,31,10,1,10,19,0,4,8,,,,2,,1,,,,1,,1,1,,,,,,,,2,,1,1,,,1,1,,,,1,,,,,,2,3,,,10,,3,,1,1,,,,,,,,,1,1,,,,,,,25,35,22,18,6,6,5,1,2,1,,,,,,,,,,,,7,12,12,8,10,8,7,4,,2,1,1,,,1,,,,,,,39,21,42,58,58,37,26,11,11,1,,,,,3,,1,,,2,1,,,,,,,,1,,1,1,2,1,,3,,1,,,,,,,,,,,,197,203,263,344,360,287,257,240,238,140,102,61,66,31,10,,12,829,,4,33
Menifee,KY,37.933537,-83.634843,0,0,0,0,0,0,0,0,0,0,0,0,0,0,0,0,0,0,0,0,0,2,0,7,0,0,0,0,0,0,0,0,0,0,0,0,0,0,0,0,0,0,3,3,7,0,1,0,0,0,0,1,0,0,0,0,0,0,1,0,2,0,0,,,,,,,,,,,,,,,,,,,,,,,,,,,,,,,,,,,,,,,,,,,,3,,,,,,,,,,,,,,,,,,,,,,,,,,,,,,,,,,,,,,,,,,,,,,,,,,1,,,,,,,,,,,,,,,,,,,,,,,,,,,,,,,,,,,,,,,,1,,,,1,,,,,,,,,,,,,,,,,3,3,7,,1,,,,,1,,,,,,,,,,,
Mercer,KY,37.82586,-84.898478,84,79,105,64,53,69,25,41,21,22,14,28,27,21,7,14,9,3,10,7,25,317,289,241,263,248,228,21,19,9,2,4,5,3,0,7,1,1,5,3,0,1,519,485,443,458,417,420,121,104,73,77,48,60,60,35,41,42,45,58,64,46,37,1,4,,,,,1,,,1,,,4,,4,,,,,2,1,1,3,2,9,8,10,,2,8,6,1,3,1,,,,,,2,2,6,5,4,6,1,,1,1,2,3,1,,,,,1,,,,,,,4,3,6,2,2,3,,,1,,,,,,,,,,1,,,19,15,14,26,13,21,12,3,2,5,2,4,5,1,,2,,1,4,2,1,89,85,71,91,91,87,60,36,28,37,26,21,18,10,20,23,37,31,42,33,17,,1,,,,,,3,3,2,2,3,1,1,2,1,2,1,,2,3,,,,,1,1,,523,485,447,458,418,420,121,105,73,77,48,61,60,35,39,41,47,40,63,47,51
Metcalfe,KY,37.003244,-85.643487,1,0,0,0,1,0,0,0,0,0,0,1,10,2,0,0,0,0,0,0,0,316,326,255,241,181,0,0,113,0,0,1,0,0,0,0,1,0,2,3,0,4,317,326,259,242,182,0,1,113,0,0,1,2,10,2,0,1,1,11,3,1,5,,,,,,,,,,,,1,,,,,,,,,,,,,,,,,,,,,,,,,,,,,,,,,,,,,1,,,,,,,,,,,,,,,,,4,1,,,,,,,,,,,,,,,,,,,,,,,,,,,,,,,,,,,,,,,,,,,,,,,,,,,,,,,,,,,,,,,,,,,,,1,,,,,,,,,,,,,,,,,,,317,326,260,242,182,,1,113,,,1,2,10,2,,1,,2,3,,4
Monroe,KY,36.748492,-85.725637,2,0,0,0,0,1,3,0,0,0,0,0,6,25,2,0,0,0,0,0,0,0,0,0,0,0,0,0,0,0,1,0,0,0,46,0,0,0,0,0,0,0,2,2,5,0,0,1,4,0,0,1,0,0,10,75,2,0,2,6,0,0,0,,,,,,,1,,,,,,,,,,,,,,,,,,,,,,,,,,,,,,,,,,,,,,,,,,,,,,,,,,,,,,,,,,3,6,,,,,,,,,,,,,,,,,,,,,,,,,,,,,,,,,,,,,,,,,,,,,,,,,,,,,4,,,,,,,,,,,,,,,,,,,,,,,,,,,4,,,,,,,,,2,3,6,,,1,4,,,1,,,10,75,2,,,,,,
Montgomery,KY,38.031458,-83.889706,89,74,64,49,58,72,70,55,60,29,35,26,31,25,12,19,228,14,124,16,117,582,609,636,518,695,667,585,1014,1175,1002,997,967,702,355,741,842,949,304,444,405,63,754,854,872,716,901,848,784,1206,1369,1160,1147,1118,846,490,425,401,345,193,194,164,184,5,4,4,4,2,5,6,6,6,6,7,9,10,19,20,162,11,2,1,4,3,1,2,7,7,6,13,13,30,37,14,8,5,4,1,2,2,2,,1,,1,3,1,8,,2,3,6,1,1,3,1,1,,,1,2,,,,,,,,,,,,2,3,4,2,,,,,,,,,,1,,10,33,34,23,13,10,11,15,11,11,10,21,14,20,15,18,12,11,16,12,15,59,124,112,106,113,76,84,75,74,86,82,80,82,64,55,83,75,65,117,47,78,1,,1,1,,,,5,10,8,10,13,5,8,7,1,7,7,9,3,6,5,1,,,1,1,,754,857,873,717,902,851,785,1206,1369,1160,1147,1118,846,490,852,1129,1278,397,704,486,277
Morgan,KY,37.914571,-83.293409,34,22,14,4,8,9,13,16,14,22,28,36,28,24,30,92,45,44,28,52,28,549,537,635,567,696,788,1117,1115,1122,1336,1239,973,906,716,97,22,47,38,63,12,16,662,651,739,661,796,881,1196,1200,1224,1470,1362,1134,1055,810,216,205,162,164,171,194,198,,,1,,,1,,,,,,2,2,,1,,1,,1,,,7,2,3,3,1,10,4,12,15,14,9,17,5,5,2,2,1,3,,9,4,7,3,2,4,7,1,4,2,3,4,3,3,2,1,1,,,,2,2,,3,1,2,,,2,3,,,,,1,1,,,2,,,,1,,8,10,5,17,13,6,6,4,8,5,8,12,12,5,11,16,8,7,8,9,15,61,75,77,58,68,60,49,43,52,81,70,77,90,45,65,128,85,97,91,112,140,6,2,1,,1,2,3,,1,3,8,4,4,2,8,10,8,5,14,9,14,4,5,,1,2,1,,669,651,742,661,797,881,1198,1200,1224,1470,1362,1135,1055,811,217,269,188,190,196,200,206
Muhlenberg,KY,37.17725,-87.14229,0,0,0,0,1,0,0,1,0,0,0,0,0,0,0,0,0,0,0,0,0,484,453,352,88,65,30,0,0,7,0,1,0,0,0,,,22,32,58,55,57,523,517,417,135,98,31,5,3,8,0,1,0,0,0,0,2,22,33,58,55,57,,,,,,,,,,,,,,,,,,,,,,,,,,,,,,,,,,,,,,,,,,,,,,,,,,,,,,,,,,,,,,,,6,5,12,4,2,1,5,1,,,,,,,,,,,,,,2,7,7,5,7,,,,,,,,,,,,,,,,,30,52,51,38,23,,,,1,,,,,,,2,,,,,,,,,,,,,1,,,,,,,1,,,,,,,,,,,,,,523,517,422,135,98,31,5,3,8,,1,,,,,2,22,32,58,55,57
Nelson,KY,37.764745,-85.478807,121,94,76,65,49,26,40,29,18,28,15,6,13,9,5,14,13,3,53,30,22,515,504,577,496,531,470,446,517,499,476,585,239,151,142,72,61,42,9,7,4,9,786,734,806,741,707,542,514,592,543,520,616,257,201,187,115,112,98,76,73,58,76,,1,,,1,,,1,1,,,,,,,,,,,,3,3,4,1,,,1,5,2,4,2,5,,1,,1,,,,,,10,6,2,,5,2,,,2,,1,2,1,,,2,1,,,2,,1,36,24,47,34,14,20,10,4,,4,1,1,3,,1,,,,,1,1,16,20,19,27,25,3,3,2,2,,1,1,5,7,9,4,3,7,5,3,3,81,88,92,115,85,21,11,35,17,9,6,9,25,29,20,26,44,51,46,29,29,,,,,,,,8,3,2,6,1,1,,,2,1,1,,3,,3,3,1,1,,,4,786,740,814,748,708,542,515,592,543,521,616,257,201,187,113,109,103,71,113,67,82
Nicholas,KY,38.376763,-84.059029,24,96,75,24,3,2,40,31,43,52,75,78,93,98,1233,1206,470,3510,2739,631,807,30,64,35,12,0,0,8,4,5,9,5,34,28,12,3,8,1,24,35,525,575,57,164,110,40,7,7,50,36,51,62,85,114,124,111,77,74,84,190,197,151,240,,1,,1,2,,,,,,2,1,,,,,,,,1,2,,,,,,,,,,,,,3,,2,,,3,3,,4,,1,,,,,2,,,,,,,,,,,,,,,,,,,,,,,,,1,,,,,,,,,,,1,,,,,1,,,1,,,,,,1,,,,,,1,1,2,,2,2,,,1,,1,,,,,,1,,1,,,3,,,,,3,,1,1,1,1,1,,4,,,3,,2,1,1,,2,3,,4,,1,,57,165,111,40,7,7,50,36,52,62,85,114,125,111,1242,1218,471,3542,2780,1158,1393
Ohio,KY,37.510852,-86.822034,0,0,0,0,3,0,0,0,0,0,0,0,0,1,1,0,6,0,0,0,0,288,305,287,0,0,0,0,0,0,0,0,0,0,487,547,483,464,369,280,324,237,289,305,288,2,3,1,2,1,0,0,0,0,0,496,550,486,497,371,283,327,237,,,,,,,,,,,,,,,,,,,,,,,,,,,,,,,,,,,,,,2,,,,,,,,,,,2,,,,,,,,,,,,,,,1,,,2,,,,,,,,,,,,,,,,,,,,,,,,,,,,,,,1,,1,,,,,,,,1,,,,,,,,,,,7,1,2,28,1,3,3,,,,,,,,,,,,,,1,,1,,,,,,,1,,,,,,,289,305,288,2,3,1,2,1,,,,,,496,550,486,500,370,283,327,237
Oldham,KY,38.356003,-85.478807,3,8,8,8,19,21,10,6,5,10,1,3,8,6,4,,6,1,2,20,5,417,464,613,655,738,632,579,618,775,860,896,980,930,950,942,1559,1570,1271,957,883,829,503,557,722,733,812,695,653,667,842,932,938,1017,960,1006,873,1225,1220,932,805,706,611,,,,,,,,,1,1,,,,,,,,,,1,,1,2,,,5,,,,,,,,1,,,,,,,,,,,2,,,,13,,,2,1,,1,,1,1,,,,1,3,5,3,12,14,3,19,2,,,,,,,,,,,,,,,14,9,20,12,7,3,9,12,8,9,4,6,4,7,10,16,13,12,16,7,12,58,67,64,42,40,21,41,38,59,51,43,29,16,41,41,57,44,53,43,47,55,,1,,,1,,,6,7,6,4,,4,2,2,4,,6,2,1,2,,2,1,2,2,2,1,504,560,725,735,812,700,656,676,852,933,951,1020,961,1006,998,1636,1634,1339,1021,961,905
Owen,KY,38.496526,-84.815078,41,45,39,35,43,28,21,23,14,16,19,10,17,12,6,3,4,7,4,8,12,154,123,186,157,174,168,195,187,179,184,150,96,100,76,107,106,94,408,422,468,377,215,200,253,216,238,227,243,252,231,224,195,114,124,96,121,117,113,153,105,128,161,1,7,,,6,2,6,5,9,1,1,1,1,,,2,,,,,,1,1,2,2,1,1,4,7,9,4,4,2,2,1,1,1,1,,,,1,,3,2,,,,1,,,1,,,,,,,3,,,,,1,1,1,1,,,,,,,,,,,,2,,,,,,4,8,6,4,4,9,5,8,7,4,6,3,,,2,,3,1,,,1,12,7,16,17,10,20,12,21,13,14,14,2,4,7,3,4,4,1,3,5,10,,,,,,,,1,5,1,,,,,1,,,1,,,,,,,,60,,,215,200,253,216,238,228,244,252,231,224,195,114,124,96,119,118,109,417,489,481,401
Owsley,KY,37.429493,-83.719914,0,0,0,0,0,0,0,0,0,0,0,0,0,0,0,0,0,0,0,0,0,0,0,0,0,0,0,0,0,0,0,0,0,0,0,0,0,0,0,0,0,0,0,0,0,0,0,0,2,0,0,0,1,0,0,0,0,0,0,0,0,0,0,,,,,,,,,,,,,,,,,,,,,,,,,,,,,,,,,,,,,,,,,,,,,,,,,1,,,,,,,,,,,,,,,,,,,,,,,,,,,,,,,,,,,,,,,,,,,,,,,,,,,,,,,,,,,,,,,,,,,,,,,,,,,,,,,,,,,,,,,,,,,1,,,,1,,,,,,,,,,,,,,,,,2,,,,1,,,,,,,,,,
Pendleton,KY,38.690089,-84.359802,0,0,0,0,0,0,1,1,1,2,1,0,2,0,0,0,0,0,5,33,34,0,0,0,0,1,4,8,6,13,47,31,89,37,14,8,2,11,25,13,39,60,2,7,2,7,8,9,15,12,17,63,37,96,44,16,10,3,13,29,23,72,101,,,,,,,,,,,,,,,1,,,,,,,,,,,,,,,,3,2,4,3,,1,,,,1,5,4,,,,1,1,,1,,,,,,,,,,,,,2,3,,,,,,,,,,,,,,,,,,,9,1,,1,2,,1,4,1,1,1,2,1,,2,1,,,1,,,1,1,6,,2,1,2,1,3,2,1,1,8,2,1,1,2,,,,1,1,5,7,,,1,,,1,1,1,3,1,3,1,1,2,3,,2,1,,,,,,,,,2,,2,7,2,7,8,9,15,12,17,63,37,96,44,16,10,3,12,26,30,89,115
Perry,KY,37.316071,-83.207764,0,1,2,2,0,0,1,0,0,0,0,0,0,1,0,0,0,0,0,0,0,196,192,203,184,174,124,148,308,277,38,43,67,87,51,96,50,35,36,38,37,28,300,298,369,303,288,223,240,422,392,133,146,186,218,165,217,157,146,168,145,131,105,,,,,,,,,,,,,,,,,1,,,,,,,1,2,,3,8,6,6,1,1,2,1,,1,1,,,,1,,16,8,6,1,1,3,1,1,6,2,,4,,,,,,,,,,,,1,,,,1,,,,,,,,,,,,1,,,13,25,35,27,16,16,16,27,25,24,19,25,16,19,21,11,18,35,17,11,12,67,70,112,84,93,76,64,76,70,64,79,81,108,92,97,92,92,101,87,75,59,1,,,,,,,8,2,9,3,4,1,1,4,8,4,4,7,6,2,1,1,,,1,1,2,300,298,369,303,288,223,240,422,392,133,146,186,218,165,217,155,146,172,144,125,101
Pike,KY,37.484209,-82.475276,0,4,2,1,5,2,2,1,0,5,0,0,2,2,1,0,1,0,5,145,12,392,439,709,861,964,137,22,37,19,34,33,28,33,3,8,1,13,0,3,2,2,478,536,844,974,1057,226,84,105,88,123,115,91,84,82,81,50,75,76,110,91,54,,,,,,,,,,,,,,,,,3,,,,,2,2,2,,2,4,,4,1,2,1,2,,1,1,,3,,2,1,,2,1,,1,1,1,5,,,2,2,,,,1,,,,,1,,,,,,,,,1,,,,,,,,,,,,,,8,17,19,20,14,10,8,5,11,11,9,5,4,6,5,7,6,17,18,15,7,72,71,109,88,71,72,47,56,53,63,65,52,46,70,64,41,53,59,84,66,36,,,,,1,,,2,2,3,3,,,,1,4,6,5,4,,,1,1,,,,,6,478,536,844,974,1057,226,84,105,88,123,115,91,85,82,81,50,79,76,113,230,63
Powell,KY,37.838065,-83.826088,0,0,0,0,1,0,0,0,0,0,0,0,0,0,0,0,0,0,0,0,0,0,0,0,0,0,0,0,0,0,0,0,0,0,0,0,3,0,0,0,0,0,3,4,4,4,3,5,2,4,2,0,2,1,3,0,7,8,4,1,0,2,1,,,,,,,1,,,,,,,,,,,,,,,,,,,,,,,2,,,,,,,,,,,,,,,,,,,,,,,,1,,,,,,,,,,,,,,,,,,,,,,,,,,,,,,,2,,1,2,,,,1,,,1,,,,3,1,1,,,,,,2,2,1,1,4,1,1,,,1,,,,1,2,3,1,,1,,,,,,,,1,1,3,1,1,1,1,,2,,,,,3,,2,1,,,,,,3,5,4,4,3,5,2,4,2,,2,1,3,,6,7,4,1,,1,1
Pulaski,KY,37.085351,-84.522219,83,57,67,60,66,61,36,17,9,16,13,12,35,13,68,40,44,48,90,49,10,383,372,404,539,525,529,653,561,519,408,514,404,409,420,399,303,325,319,249,245,327,558,532,601,761,781,788,919,738,728,636,764,669,671,657,614,549,621,616,538,445,408,,,,,,1,,,,,,,,,,,,1,,,1,,1,,2,1,1,4,2,2,2,5,8,1,1,,8,1,,,16,3,,,1,1,3,3,8,,2,5,5,1,,,1,,,,1,,,2,,,,,2,,,,,,,,,,,,,,,,11,21,31,29,35,30,33,15,30,27,21,28,25,21,23,26,34,29,32,24,8,78,80,96,131,149,156,179,141,162,176,200,208,199,202,172,188,224,225,239,140,56,,1,,,1,,,1,3,2,,3,6,6,2,4,3,6,8,3,,4,1,,,1,1,,558,534,601,762,782,789,919,738,728,637,764,669,672,657,667,567,628,622,613,475,405
Robertson,KY,38.522434,-84.037889,0,0,0,1,0,0,0,1,0,0,1,0,1,0,0,0,0,0,0,0,0,0,0,0,0,0,0,0,0,0,0,0,0,0,0,0,0,0,0,0,0,0,0,0,0,1,0,0,0,2,0,0,1,0,1,0,0,0,0,2,0,0,0,,,,,,,,,,,,,,,,,,,,,,,,,,,,,,,,,,,,,,,,,,,,,,,,,,,,,,,,,,,,,,,,,,,,,,,,,,,,,,,,,,,,,,,,,,,,,,,,,,,,,,,,,,,,,,,,,,,,,,,,,,,,,,,,,,,,,,,,,,,,,1,,,,,,,,,,,,,,,,,1,,,,2,,,1,,1,,,,,,,,
Rockcastle,KY,37.374307,-84.312126,65,64,74,64,59,49,36,40,30,21,27,14,17,19,16,27,214,10,14,14,57,529,590,754,806,909,1005,854,1077,1006,1056,1215,1258,1430,1386,1247,1491,1306,1281,1007,831,844,637,704,875,933,1053,1091,933,1162,1084,1117,1280,1307,1493,1468,1318,1558,1364,1351,1080,874,908,2,1,3,2,1,,1,,,,,,,,,1,,1,,,,9,5,7,5,7,4,7,7,4,5,4,1,1,4,4,6,2,5,,,1,5,,2,,1,,2,,1,,,,,,,,,,,,,1,1,1,,3,3,,,,,1,,,,,1,,,,,,3,3,1,7,2,4,5,5,6,7,1,2,3,5,2,6,8,13,7,6,6,17,29,24,39,59,21,19,27,33,22,29,32,39,52,47,41,37,51,56,36,53,2,,,,,,,12,14,13,10,14,5,10,6,6,6,3,,3,2,4,8,7,10,3,2,5,643,707,879,933,1055,1091,934,1162,1086,1117,1280,1307,1493,1468,1322,1581,1574,1371,1087,889,966
Rowan,KY,38.177068,-83.464355,45,32,31,16,14,27,22,20,14,16,8,11,15,12,67,74,5,1,11,3,2,458,399,568,615,791,928,1275,768,818,871,919,813,1000,614,547,452,405,361,298,95,86,577,521,692,714,890,1063,1419,845,875,947,979,859,1078,706,640,540,509,432,365,137,112,,3,,1,9,5,3,5,2,6,2,3,2,1,2,4,3,,,,3,4,2,3,5,3,13,9,2,9,3,2,2,,,,2,,,1,5,,6,4,1,,2,,4,,1,,1,1,1,1,,,,,,,,,4,,,1,6,4,2,,1,,3,3,,2,1,3,6,2,4,1,12,16,15,22,9,8,12,7,3,4,7,3,12,18,25,17,15,17,8,,1,56,57,67,54,57,74,86,39,25,46,39,23,43,54,55,49,74,45,44,22,15,,1,1,,,,,,4,8,2,4,3,4,3,4,,1,1,2,6,3,4,4,1,1,,,581,521,693,715,890,1064,1419,846,876,947,979,860,1078,706,701,604,510,431,365,129,108
Russell,KY,36.980648,-85.064907,121,132,121,103,140,95,59,44,32,41,25,15,13,14,37,73,229,119,95,120,86,187,200,286,261,283,229,250,178,182,270,253,317,320,294,288,296,234,298,181,74,93,390,441,488,479,520,399,400,310,298,397,351,451,401,377,358,371,285,341,229,117,130,,,,,,,,,,,,1,,,,,,,,,,3,,3,2,,1,2,3,3,2,3,4,1,,1,6,,1,,1,1,2,4,,1,1,,,,1,3,,,,,,,5,,,,1,7,4,2,1,2,,,2,,,,,,,,,,,,,,8,13,7,13,16,12,10,9,12,6,14,15,5,12,3,11,3,3,2,4,2,66,85,68,98,79,60,78,76,71,74,56,97,62,55,45,48,32,28,26,23,19,,,,,1,1,,,3,1,,,2,1,,,1,,2,,1,1,2,,,,,,394,441,488,479,521,399,400,312,301,397,351,451,401,377,375,436,503,449,305,223,202
Scott,KY,38.317236,-84.564147,430,385,328,277,310,199,240,207,224,185,151,128,108,90,350,464,478,539,301,383,510,1140,1278,1272,1145,1240,1364,1504,1334,1412,1330,1727,1682,1506,1261,1269,1764,1627,1328,1205,1142,1190,1964,2203,2251,2051,2195,2114,2243,1934,2090,1854,2227,2126,1935,1601,1569,2077,2094,2029,1819,1658,1536,16,19,24,36,50,27,33,44,43,37,43,31,25,17,14,14,14,16,21,10,7,2,4,9,5,14,11,17,13,48,35,43,62,14,23,16,16,10,12,11,13,10,8,10,5,10,7,2,16,7,9,4,4,4,2,3,3,3,3,,1,1,7,9,6,7,3,5,3,,,,1,,,1,1,1,,,24,13,1,,84,118,124,144,136,123,113,81,100,70,58,37,51,55,37,43,74,82,80,58,38,262,364,464,403,411,363,308,218,240,180,186,154,173,121,146,211,345,483,420,314,211,6,20,27,28,18,78,5,19,26,21,30,26,23,19,32,21,15,17,29,54,30,50,18,11,7,15,4,9,1970,2210,2254,2053,2199,2115,2250,1936,2097,1858,2229,2127,1935,1602,1893,2553,2589,2519,2085,2003,1987
Shelby,KY,38.177808,-85.230841,116,179,97,89,120,122,88,71,37,33,26,27,26,47,89,486,527,76,129,475,582,479,424,506,553,628,776,546,539,460,508,664,728,1140,1370,1183,1678,1351,1307,1092,625,196,744,723,755,824,895,1045,763,720,616,686,763,906,1269,1556,1393,1441,1548,1306,1156,820,397,5,8,3,2,5,4,5,4,2,2,1,2,6,3,3,8,7,14,10,8,14,7,10,9,5,4,5,3,4,8,3,5,2,7,3,14,3,6,8,10,16,15,33,13,17,18,22,13,10,7,2,5,3,5,1,8,,,5,8,,3,3,15,9,5,10,5,6,6,,3,1,,,,1,,,,1,1,,2,9,13,23,30,14,11,10,12,14,17,9,7,1,7,9,8,16,14,11,8,1,70,61,93,98,73,87,76,58,82,113,55,37,9,10,33,63,162,149,135,72,7,,,,1,,,,11,8,4,19,24,22,20,25,8,5,,98,80,113,106,67,44,33,46,26,7,745,725,757,824,895,1046,764,720,616,687,763,906,1270,1562,1438,2313,2118,1611,1434,1233,827
Simpson,KY,36.777201,-86.620794,0,0,0,1,3,0,2,0,0,0,0,0,4,0,0,0,0,0,0,0,0,47,1,0,0,0,0,0,2,3,0,0,0,0,2,0,2,3,0,0,3,7,61,2,1,1,9,17,22,6,5,0,0,0,4,2,0,3,2,9,2,7,9,,,,,,,,,,,,,,,,,,,,,,,,,,,,,,2,,,,,,,,,,,,,,,,,,,,,,,,,,,,,,,,,,14,1,1,,9,24,20,7,,,,,,,,,,,,,,,,,,,,,,,,,,,,,,,,,,,,,,,,,,,,,,,,,,,1,,,,,,,,,,,,,,,,,1,,,,,,,,,,,,,,,,61,2,1,1,12,25,22,9,5,,,,4,2,,2,4,,,3,7
Spencer,KY,38.012317,-85.313622,88,67,65,75,52,56,38,36,26,31,33,25,36,50,33,136,146,31,22,10,19,178,236,249,327,366,458,533,602,306,97,100,93,70,42,49,5,12,41,16,4,0,310,363,387,484,501,586,627,727,371,146,141,127,113,95,84,39,39,73,42,12,13,,1,4,,,2,,4,,,1,,,,,2,,1,1,,,5,2,3,1,3,6,4,6,9,9,2,4,4,1,1,,,1,,,,1,,1,1,,,,,,,,1,,1,,,,,,,,12,11,16,13,13,17,5,4,8,6,3,2,1,,,3,1,,,,,2,3,2,11,8,5,7,8,4,,,,,1,,,,,,,,28,42,48,58,60,42,40,68,17,1,2,2,1,,2,4,3,2,4,2,2,,,,1,,,1,1,2,2,,1,,,1,,3,,,1,,,3,,1,,,1,315,364,390,486,503,586,627,729,371,147,143,127,113,95,85,153,162,78,43,16,23
Taylor,KY,37.332884,-85.313622,18,25,40,28,29,41,41,30,23,10,12,15,19,9,295,120,70,15,83,40,98,198,315,228,58,13,14,33,18,11,29,19,28,19,7,23,103,281,60,40,43,56,237,375,305,128,54,60,81,57,37,46,34,46,41,29,80,98,195,96,93,95,93,2,,3,2,,,,,,3,3,1,3,3,1,,2,,1,,,,,,,1,,,2,1,3,,1,,1,11,1,6,1,53,10,6,1,,,1,,1,3,,2,,,,,,,,3,,,1,,8,5,8,5,2,2,3,2,,,,,,,,,,,,3,,3,5,3,5,1,,,,,,,1,,1,1,1,4,2,,2,,7,26,19,27,10,2,,3,,,,,,7,29,18,15,16,19,19,11,,,,2,,1,,2,,6,2,,,1,2,1,1,,,,1,,2,,,,,,239,376,307,128,56,60,81,57,38,46,34,46,41,29,360,245,381,96,196,119,171
Todd,KY,36.833864,-87.14229,0,0,0,1,0,0,0,0,0,0,0,0,0,0,0,0,0,0,0,0,0,2,3,1,0,0,0,0,1,0,0,0,0,0,0,0,1,1,0,0,0,0,38,26,19,14,7,33,28,24,10,0,0,0,0,0,0,1,1,0,0,0,0,,,,,,,,,,,,,,,,,,,,,,,,,,,,,,,,,,,,,,,,,,,,,,,,,1,,,,,,,,,,,,,,,36,24,25,13,10,37,29,27,12,,,,,,,,,,,,,,,,,,,,,,,,,,,,,,,,,,,11,,,,,,,,,,,,,,,,,,,,,,,,,,,,,,,,,,,,,,,,,,,,,,,,38,38,26,14,10,37,30,28,12,,,,,,,1,1,,,,
Trigg,KY,36.847364,-87.776333,0,0,3,5,0,0,0,0,0,0,0,0,0,0,0,0,0,0,0,0,0,0,0,0,0,0,0,0,0,0,0,0,0,0,0,0,0,0,0,0,0,0,25,33,29,21,6,10,12,1,0,0,0,1,0,0,0,0,0,0,0,0,0,,,,,,,,,,,,,,,,,,,,,,,,,,,,,,,,,,,,,,,,,,,,,,,,,,,,,,,,,,,,,,,,25,39,39,22,6,12,12,1,,,,,,,,,,,,,,,,,,,,,,,,,,,,,,,,,,,,,,,,,,,,,,,,,,,,,,,,,,,,,,,,,,,,,,,,,,1,,,,,,,,,,25,39,42,27,6,12,12,1,,,,1,,,,,,,,,
Trimble,KY,38.601328,-85.313622,0,0,0,3,2,5,0,3,0,0,0,0,2,0,1,0,0,0,0,0,0,0,0,0,12,20,48,66,91,92,68,35,44,26,15,29,17,8,4,1,12,11,0,1,1,20,27,56,76,106,98,76,45,46,34,18,31,21,8,6,5,20,12,,,,,,,,,,,,,,,,,,,,,,,,1,,,,,,,,,,,,,,,,,,,,,,,,,1,,,,,,,,,,,,,,,,,,,,,,,,,,,,,,,,,,,,,,,,,,,2,1,3,2,,1,,,,,,,,,,,,4,5,3,9,8,5,5,8,2,5,3,1,3,,,3,5,1,,,,,,,,,1,,1,,,,2,,,,,,,,,,,,,,,1,1,20,27,56,76,106,98,76,45,46,34,18,31,20,8,4,4,17,12
Union,KY,37.663874,-87.972681,8,0,0,9,38,8,0,0,0,0,0,0,0,0,0,0,0,0,0,0,0,0,7,5,33,68,2,0,1,1,0,,1,9,7,4,0,1,0,0,0,0,57,25,21,67,134,18,16,6,3,1,2,3,9,9,5,2,25,0,10,25,26,,,,,,,,,,,,,,,,,,,,,,,,,,,,,,,,,,,,,,,,,,,,,,,,,1,,,,,,,,,,,,,,,57,20,20,20,20,4,9,5,2,1,2,2,,2,,,,,,,,,,,2,,,,,,,,,,,,,,,,,,,,,6,7,3,,,,,,,,,,,,,,,,,,,,,,,,1,,,2,1,6,,,,,,,,,,,,,,,65,28,25,70,135,18,16,6,3,1,2,3,9,9,4,,1,,,,
Warren,KY,36.988604,-86.499655,31,15,24,14,25,4,0,1,0,0,1,0,3,6,5,31,127,0,0,0,0,524,930,921,160,133,116,71,90,19,33,35,34,27,23,1356,4160,5453,3024,9,24,4,562,952,948,174,163,122,79,91,19,34,36,39,31,68,109,32,37,78,6,22,4,,,,,,,,,,1,,,,,,,,,,,,4,,,,,,,,,,,,,,,,,,,,,,,,,,,8,,,,,,,,,,,,,,,4,3,3,,2,1,,,,,,,,,,,,,,,,,1,,,1,,,,,,,,,,,,,,,,,,4,,,2,1,,,,,,,,,,,,,,,,,3,10,,,,,,,1,,,,,,,,,5,1,39,3,3,8,1,,,,563,953,949,174,163,122,79,91,19,34,36,39,31,68,1364,4197,5598,3025,9,24,4
Washington,KY,37.751614,-85.147936,77,99,87,94,72,64,63,58,65,59,38,38,34,21,14,8,15,23,16,214,59,65,85,84,99,156,91,110,128,157,157,213,143,99,51,68,60,35,40,30,49,36,172,211,210,230,253,168,175,206,255,252,293,221,183,107,128,115,93,104,70,100,87,,,3,,,,,,,,,1,3,2,2,,,,2,3,1,,,1,1,,4,,,1,,,,,1,,,,1,1,,,,,3,,,,,,,,,,1,,,,,,,,,,,2,,,3,,,,,2,,2,,,,1,1,,,,4,5,7,5,2,,1,5,6,2,9,3,4,4,3,4,3,4,4,4,3,25,25,24,28,20,2,3,16,23,32,30,24,23,24,24,30,24,19,15,17,19,,,,,,,,3,1,3,6,3,4,2,3,4,5,2,13,17,4,18,9,12,,,,2,174,215,214,233,253,168,179,210,256,255,294,222,183,107,129,111,90,88,68,287,120
Wayne,KY,36.757191,-84.856793,7,2,3,3,4,0,2,0,1,0,0,0,6,1,0,1,0,0,0,0,0,27,57,57,40,77,128,37,0,0,0,5,0,0,0,0,0,0,0,0,0,0,1047,1023,944,833,856,516,343,387,750,763,874,837,879,939,599,7,7,9,5,2,4,,,,,,,,,,,,,,,,,,,,,,,,,,1,,,,,,,,,,,,,,,,,1007,958,883,788,771,381,302,387,744,760,868,837,873,938,593,,,,,,,3,4,2,1,,,,,,,,,,,,,,,,,,,,,,,2,,,1,,,,,,,2,4,1,1,,,3,,1,1,3,5,2,,4,3,1,,,,6,2,3,1,4,,,,,,,,,,,2,,,,,,,,,,,,,,,,,,,,1047,1023,946,833,856,516,343,387,750,763,874,837,879,939,599,5,7,2,5,,
Webster,KY,37.489219,-87.736961,0,0,0,0,0,0,0,0,0,0,0,0,0,0,0,0,0,0,0,0,0,0,0,0,0,1,0,0,0,0,0,0,0,0,0,0,0,0,0,0,0,0,4,1,0,0,1,0,0,0,0,0,0,0,0,0,0,0,0,0,0,0,0,,,,,,,,,,,,,,,,,,,,,,,,,,,,,,,,,,,,,,,,,,,,,,,,,,,,,,,,,,,,,,,,4,1,,,,,,,,,,,,,,,,,,,,,,,,,,,,,,,,,,,,,,,,,,,,,,,,,,,,,,,,,,,,,,,,,,,,,,,,,,,,,,,,,,,,,,,,,,4,1,,,1,,,,,,,,,,,,,,,,
Whitley,KY,36.726335,-84.185712,40,36,20,22,13,5,9,8,3,10,8,3,10,2,2,16,3,3,7,8,3,601,545,625,829,890,935,981,865,827,807,891,745,744,665,522,614,631,521,417,390,383,708,669,733,959,965,991,1035,929,879,852,927,791,777,689,550,683,698,556,476,507,508,,,,,1,1,4,2,,,,,1,,,1,,,,,,3,3,4,4,3,4,4,5,15,5,4,10,1,3,,5,3,,,1,5,2,,,2,3,2,1,1,2,,,,1,,,3,3,1,,,1,1,1,,,1,,,1,,,,,1,1,,,,,,,,8,10,11,10,8,8,4,12,3,7,3,4,4,2,4,1,3,3,2,3,,54,70,74,90,46,36,31,36,29,23,21,28,15,16,22,10,12,14,23,15,21,,,,,,,,,4,,2,,,1,,,,,1,,,,,,1,2,,,709,669,734,959,965,991,1035,930,879,852,927,791,777,689,550,650,655,543,451,417,413
Wolfe,KY,37.755087,-83.464355,0,0,0,0,0,0,0,0,0,0,0,0,0,0,0,0,0,2,1,0,0,0,0,0,0,0,0,0,0,0,0,0,0,0,0,0,0,0,0,0,0,0,0,0,0,0,1,0,0,1,0,1,0,0,0,0,0,0,0,2,1,0,1,,,,,,,,,,,,,,,,,,,,,,,,,,,,,1,,,,,,,,,,,,,,,,,,,,,,,,,,,,,,,,,,,,,,,,,,,,,,,,,,,,,,,,,,,,,,,,,,,,,,,,,,,,,,,,,1,,,,,,,,,,,,,,,,,,,,,,,,,,,,,,,,,1,,,,,,,,,,,,,,,,1,,,1,,1,,,,,,,,2,1,,
Woodford,KY,38.072166,-84.731556,177,147,138,119,153,196,152,57,85,91,88,78,90,61,379,271,299,197,184,155,259,5082,4445,4349,4560,4151,3769,3544,3819,3393,3439,3418,3792,3901,3718,3689,3702,5076,4156,3221,4284,5180,5530,4970,4925,5207,4746,4206,3981,4116,3649,3717,3686,4083,4228,4003,3369,3627,4091,3326,2810,2791,2980,8,7,17,13,15,7,5,4,13,10,2,2,3,1,2,1,,,1,,,2,2,5,8,10,,1,,2,1,1,3,2,2,1,2,2,7,1,,,,1,1,1,1,4,16,1,1,2,,1,3,3,1,,3,1,4,1,2,2,,1,50,59,46,27,18,1,1,,2,2,2,,,,,,,,55,69,70,96,90,39,77,51,33,43,32,37,47,50,48,33,32,13,14,9,13,197,242,283,303,232,123,142,139,127,128,137,138,122,122,130,86,93,46,34,29,25,,5,1,6,5,,3,18,77,86,66,43,32,27,40,18,16,18,42,60,50,31,12,6,6,2,13,4,5541,4990,4950,5216,4754,4216,3991,4129,3673,3732,3698,4095,4231,4015,4281,4112,5512,4432,3466,4491,5486
